Year,UTC,Year,Year,Year,NaN,Year,Year,Year
Month,UTC,Month,Month,Month,NaN,Month,Month,Month
Day,UTC,Day,Day,Day,NaN,Day,Day,Day
Hour,UTC,Hour,Hour,Hour,NaN,Hour,Hour,Hour
Minute,UTC,Minute,Minute,Minute,NaN,Minute,Minute,Minute
DTIME,UTC,dt,dt,dt,NaN,dt,dt,dt
NetEcosystemExchange_AbvCnpy,umol/m2/s,NEE_all,mcm_data_compiler,NaN,Flux2,NEE,NEE,NEE
FC_AbvCnpy_AbvCnpy,umol/m2/s,FC_all,mcm_data_compiler,NaN,Flux2,FC,FC,FC
LatentHeatFlux_AbvCnpy,W/m2,LE_all,mcm_data_compiler,NaN,Flux2,LE,LE,LE
SensibleHeatFlux_AbvCnpy,W/m2,H_all,mcm_data_compiler,NaN,Flux2,H,H,H
Avg_FrictionVelocity_AbvCnpy,m/s,Ustar_all,mcm_data_compiler,NaN,Flux2,Ustar,Ustar,Ustar
GapFilledPIPref_GEP,umol/m2/s,GEP_filled,gapfilled_NEE,New_SiteSpec,Flux3,NaN,GEP_filled,GEP_filled
GapFilledPIPref_R,umol/m2/s,RE_filled,gapfilled_NEE,New_SiteSpec,Flux3,NaN,R_filled,R_filled
GapFilledPIPref_NEP,umol/m2/s,NEE_filled,gapfilled_NEE,New_SiteSpec,Flux3,NaN,NEE_filled,NEE_filled
GapFilledPIPref_LE,W/m2,LE_filled,gapfilled_LE_H,New_SiteSpec,Flux3,NaN,LE_filled,LE_filled
GapFilledPIPref_H,W/m2,H_filled,gapfilled_LE_H,New_SiteSpec,Flux3,NaN,H_filled,H_filled
NEE_CPEC,umol/m2/s,NEE_cleaned,cpec,Final_Calculated,NaN,NaN,NaN,NaN
FC_CPEC,umol/m2/s,Fc,cpec,Final_Calculated,NaN,,,
EddyCovariance_CO2_AbvCnpy,ppm,CO2_top,cpec,Final_Calculated,Flux1,,,
LI820_CO2_Cnpy,ppm,CO2_cpy,opec,Final_Calculated,NaN,,,
CO2StorageFlux_Integrated_GndtoTop,umol/m2/s,dcdt,cpec,Final_Calculated,Flux2,,,
CO2StorageFlux_Top,umol/m2/s,dcdt_1h,cpec,Final_Calculated,Flux2,,,
CO2StorageFlux_2_height,umol/m2/s,dcdt_2h,cpec,Final_Calculated,NaN,,,
LE_CPEC,W/m2,LE_cleaned,cpec,Final_Calculated,NaN,NaN,NaN,NaN
H_CPEC,W/m2,Hs_cleaned,cpec,Final_Calculated,NaN,NaN,NaN,NaN
Ustar_CPEC,m/s,Ustar,cpec,Final_Cleaned,NaN,NaN,NaN,NaN
H2O_CPEC,mmol/mol,H2O_irga,cpec,Final_Cleaned,NaN,,,
SensibleHeatStorageFlux_AbvCnpy_Top,W/m2,Jtfill,cpec,Final_Calculated,Flux2,Jt,Jt,
Avg_SoilHeatFlux_0cm,W/m2,SoilHeatFlux,met,Calculated4,Flux2,SHF,SHF,
APAR,umol/m2/s,NaN,NaN,NaN,NaN,,,
FPAR,%,NaN,NaN,NaN,NaN,,,
ZL,NaN,NaN,NaN,NaN,NaN,,,
NRLite_NetRad_AbvCnpy_4m,W/m2,NetRad_AbvCnpy,met,Final_Cleaned,Met2,Rn,Rn,Rn
DownPAR_AbvCnpy_4m,umol/m2/s,DownPAR_AbvCnpy,met,Final_Cleaned,Met2,,,
UpPAR_AbvCnpy_4m,umol/m2/s2,UpPAR_AbvCnpy,met,Final_Cleaned,Met2,,,
DownPAR_BlwCnpy_0m,umol/m2/s2,NaN,NaN,NaN,NaN,,,
HMP45C_AirTemp_AbvCnpy_3m,C,AirTemp_AbvCnpy,met,Final_Cleaned,Met2,,,
HMP45C_RelHum_AbvCnpy_3m,%,RelHum_AbvCnpy,met,Final_Cleaned,Met2,,,
WindSpd_AbvCnpy_3m,m/s,WindSpd,met,Final_Cleaned,Met2,,,
WindDir_AbvCnpy_3m,degree,WindDir,met,Final_Cleaned,Met2,W_Dir,W_Dir,W_Dir
SurfPress,kPa,Pressure,met,Final_Cleaned,Met2,APR,APR,
FourWay_NetRad_AbvCnpy_4m,W/m2,NetRad_AbvCnpy,met,Final_Filled,Met3,Rn_filled,Rn_filled,Rn_filled
GlobalShortwaveRad_AbvCnpy_4m,W/m2,DownShortWaveRad_Abv_Cnpy,met,Final_Filled,,,,
TBRG_Rain_Clearing_2m,mm,Rain,met,Final_Cleaned,Met2,PPT,PPT,PPT
SoilTemp_A_2cm,C,SoilTemp_A_2cm,met,Final_Cleaned,Met2,Ts2cmA,Ts2cmA,
SoilTemp_A_5cm,C,SoilTemp_A_5cm,met,Final_Cleaned,Met2,Ts5cmA,Ts5cmA,
SoilTemp_A_10cm,C,SoilTemp_A_10cm,met,Final_Cleaned,Met2,Ts10cmA,Ts10cmA,
SoilTemp_A_20cm,C,SoilTemp_A_20cm,met,Final_Cleaned,Met2,Ts20cmA,Ts20cmA,
SoilTemp_A_50cm,C,SoilTemp_A_50cm,met,Final_Cleaned,Met2,Ts50cmA,Ts50cmA,
SoilTemp_A_100cm,C,SoilTemp_A_100cm,met,Final_Cleaned,Met2,Ts100cmA,Ts100cmA,
SoilTemp_B_2cm,C,SoilTemp_B_2cm,met,Final_Cleaned,Met2,Ts2cmB,Ts2cmB,
SoilTemp_B_5cm,C,SoilTemp_B_5cm,met,Final_Cleaned,Met2,Ts5cmB,Ts5cmB,
SoilTemp_B_10cm,C,SoilTemp_B_10cm,met,Final_Cleaned,Met2,Ts10cmB,Ts10cmB,
SoilTemp_B_20cm,C,SoilTemp_B_20cm,met,Final_Cleaned,Met2,Ts20cmB,Ts20cmB,
SoilTemp_B_50cm,C,SoilTemp_B_50cm,met,Final_Cleaned,Met2,Ts50cmB,Ts50cmB,
SoilTemp_B_100cm,C,SoilTemp_B_100cm,met,Final_Cleaned,Met2,Ts100cmB,Ts100cmB,
SoilMoist_A_5cm,"% volume",SM_A_5cm,met,Final_Cleaned,SM2,SM5cmA,SM5cmA,
SoilMoist_A_10cm,"% volume",SM_A_10cm,met,Final_Cleaned,SM2,SM10cmA,SM10cmA,
SoilMoist_A_20cm,"% volume",SM_A_20cm,met,Final_Cleaned,SM2,SM20cmA,SM20cmA,
SoilMoist_A_50cm,"% volume",SM_A_50cm,met,Final_Cleaned,SM2,SM50cmA,SM50cmA,
SoilMoist_A_100cm,"% volume",NaN,NaN,NaN,SM2,,,
SoilMoist_B_5cm,"% volume",SM_B_5cm,met,Final_Cleaned,SM2,SM5cmB,SM5cmB,
SoilMoist_B_10cm,"% volume",SM_B_10cm,met,Final_Cleaned,SM2,SM10cmB,SM10cmB,
SoilMoist_B_20cm,"% volume",SM_B_20cm,met,Final_Cleaned,SM2,SM20cmB,SM20cmB,
SoilMoist_B_50cm,"% volume",SM_B_50cm,met,Final_Cleaned,SM2,SM50cmB,SM50cmB,
SoilMoist_B_100cm,"% volume",SM_B_80-100cm,met,Final_Cleaned,SM2,SM100cmB,SM100cmB,
SoilHeatFluxPlate_A_3cm,W/m2,SoilHeatFlux_1,met,Final_Cleaned,Met2,,,
SoilHeatFluxPlate_B_3cm,W/m2,SoilHeatFlux_2,met,Final_Cleaned,Met2,,,
AirTemp_AbvCnpy_3m,C,AirTemp_AbvCnpy,met,Final_Filled,Met3,Ta,Ta,Ta
RelHum_AbvCnpy_3m,%,RelHum_AbvCnpy,met,Final_Filled,Met3,RH,RH,RH
DownPAR_AbvCnpy_3m,umol/m2/s,DownPAR_AbvCnpy,met,Final_Filled,Met3,PAR,PAR,PAR
WindSpd_AbvCnpy_3m,m/s,WindSpd,met,Final_Filled,Met3,WS,WS,WS
SurfPress,kPa,Pressure,met,Final_Filled,Met3,APR,APR,APR
SoilTemp_2cm,C,SoilTemp_2cm,met,Final_Filled,Met3,Ts2,Ts2,Ts2
SoilTemp_5cm,C,SoilTemp_5cm,met,Final_Filled,Met3,Ts5,Ts5,Ts5
SoilTemp_10cm,C,SoilTemp_10cm,met,Final_Filled,NaN,Ts10,Ts10,Ts10
SoilTemp_20cm,C,SoilTemp_20cm,met,Final_Filled,NaN,Ts20,Ts20,Ts20
SoilTemp_50cm,C,SoilTemp_50cm,met,Final_Filled,NaN,Ts50,Ts50,Ts50
SoilTemp_100cm,C,SoilTemp_100cm,met,Final_Filled,NaN,Ts100,Ts100,Ts100
SM_A_0_30cm_avg,"% volume",SM_A_30_avg,met,Final_Filled,NaN,SM_a,SM_a,SM_a
SM_B_0_30cm_avg,"% volume",SM_B_30_avg,met,Final_Filled,NaN,SM_b,SM_b,SM_b
SoilMoist_A_0_30cm,"% volume",SM_A_30_filled,met,Final_Filled,SM3,SM_a_filled,SM_a_filled,SM_a_filled
SoilMoist_B_0_30cm,"% volume",SM_B_30_filled,met,Final_Filled,SM3,SM_b_filled,SM_b_filled,SM_b_filled
GEONOR_PPT,mm,GEO_PPT,ppt,Final_Filled,NaN,GEO_PPT,GEO_PPT,GEO_PPT
NEE_OPEC,umol/m2/s,NEE_cleaned,opec,Final_Calculated,NaN,NaN,,
GEP_filled_OPEC,umol/m2/s,NaN,NaN,NaN,NaN,,,
R_filled_OPEC,umol/m2/s,NaN,NaN,NaN,NaN,,,
NEE_filled_OPEC,umol/m2/s,NaN,NaN,NaN,NaN,,,
FC_OPEC,umol/m2/s,Fc,opec,Final_Calculated,NaN,NaN,,
CO2_OPEC,ppm,CO2_top,opec,Final_Calculated,NaN,NaN,,
SFC_OPEC,umol/m2/s,dcdt,opec,Final_Calculated,NaN,NaN,,
LE_OPEC,W/m2,LE_cleaned,opec,Final_Calculated,NaN,NaN,,
H_OPEC,W/m2,Hs_cleaned,opec,Final_Calculated,NaN,NaN,,
LE_filled_OPEC,W/m2,NaN,NaN,NaN,NaN,,,
H_filled_OPEC,W/m2,NaN,NaN,NaN,NaN,,,
Ustar_OPEC,m/s,u_star,opec,Final_Calculated,NaN,NaN,,
H2O_OPEC,mmol/mol,H2O_top,opec,Final_Calculated,NaN,NaN,,
Schuepp_60flag,flag,Schuepp60,footprint,Final_Calculated,NaN,Schuepp_60flag,Schuepp_60flag,Schuepp_60flag
Schuepp_65flag,flag,Schuepp65,footprint,Final_Calculated,NaN,Schuepp_65flag,Schuepp_65flag,Schuepp_65flag
Schuepp_70flag,flag,Schuepp70,footprint,Final_Calculated,NaN,Schuepp_70flag,Schuepp_70flag,Schuepp_70flag
Schuepp_75flag,flag,Schuepp75,footprint,Final_Calculated,NaN,Schuepp_75flag,Schuepp_75flag,Schuepp_75flag
Schuepp_80flag,flag,Schuepp80,footprint,Final_Calculated,NaN,Schuepp_80flag,Schuepp_80flag,Schuepp_80flag
Schuepp_85flag,flag,Schuepp85,footprint,Final_Calculated,NaN,Schuepp_85flag,Schuepp_85flag,Schuepp_85flag
Schuepp_90flag,flag,Schuepp90,footprint,Final_Calculated,NaN,Schuepp_90flag,Schuepp_90flag,Schuepp_90flag
GEP_filled_New_FCRN,umol/m2/s,GEP_filled,gapfilled_NEE,New_FCRN,Flux3,NaN,GEP_filled_New_FCRN,GEP_filled_New_FCRN
R_filled_New_FCRN,umol/m2/s,RE_filled,gapfilled_NEE,New_FCRN,Flux3,NaN,R_filled_New_FCRN,R_filled_New_FCRN
NEE_filled_New_FCRN,umol/m2/s,NEE_filled,gapfilled_NEE,New_FCRN,Flux3,NaN,NEE_filled_New_FCRN,NEE_filled_New_FCRN
GEP_filled_New_ANN,umol/m2/s,GEP_filled,gapfilled_NEE,New_ANN,Flux3,NaN,GEP_filled_New_ANN,GEP_filled_New_ANN
R_filled_New_ANN,umol/m2/s,RE_filled,gapfilled_NEE,New_ANN,Flux3,NaN,R_filled_New_ANN,R_filled_New_ANN
NEE_filled_New_ANN,umol/m2/s,NEE_filled,gapfilled_NEE,New_ANN,Flux3,NaN,NEE_filled_New_ANN,NEE_filled_New_ANN
GEP_filled_Old,umol/m2/s,GEP_filled,gapfilled_NEE,Old,Flux3,NaN,GEP_filled_Old,GEP_filled_Old
R_filled_Old,umol/m2/s,RE_filled,gapfilled_NEE,Old,Flux3,NaN,R_filled_Old,R_filled_Old
NEE_filled_Old,umol/m2/s,NEE_filled,gapfilled_NEE,Old,Flux3,NaN,NEE_filled_Old,NEE_filled_Old
