Year,Year,Year,Year,Year,,Year,Year,Year
Month,Month,Month,Month,Month,,Month,Month,Month
Day,Day,Day,Day,Day,,Day,Day,Day
Hour,Hour,Hour,Hour,Hour,,Hour,Hour,Hour
Minute,Minute,Minute,Minute,Minute,,Minute,Minute,Minute
DTIME,DTIME,dt,dt,dt,,dt,dt,dt
WindSpd_GEONOR_2m,m/s,WindSpd_AVG,met,Final_Cleaned,Met2,,,
TBRG_Rain_Clearing_2m,mm,TX_Rain,met,Final_Cleaned,Met2,,,
Geonor_CumPrec_Clearing_2m,mm,GN_Precip,met,Final_Cleaned,Met2,,,
Geonor_Precip_Clearing_2m,mm,GEO_PPT,ppt,Final_Filled,Met3,GEO_PPT,GEO_PPT,GEO_PPT
