"Year","Year","Year","Year","Year","Year","Year","Year"
"Month","Month","Month","Month","Month","Month","Month","Month"
"Day","Day","Day","Day","Day","Day","Day","Day"
"Hour","Hour","Hour","Hour","Hour","Hour","Hour","Hour"
"Minute","Minute","Minute","Minute","Minute","Minute","Minute","Minute"
"DTIME","DTIME","dt","dt","dt","dt","dt","dt"
"NEE","umol.m-2.s-1","NaN","mcm_data_compiler","NaN","NEE","NEE","NEE"
"FC","umol.m-2.s-1","NaN","mcm_data_compiler","NaN","FC","FC","FC"
"LE","W.m-2","NaN","mcm_data_compiler","NaN","LE","LE","LE"
"H","W.m-2","NaN","mcm_data_compiler","NaN","H","H","H"
"Ustar","m.s-1","NaN","mcm_data_compiler","NaN","Ustar","Ustar","Ustar"
"GEP_filled","umol.m-2.s-1","GEP_filled","calc","Final_Calculated","NaN","GEP_filled","GEP_filled"
"R_filled","umol.m-2.s-1","RE_filled","calc","Final_Calculated","NaN","R_filled","R_filled"
"NEE_filled","umol.m-2.s-1","NEE_filled","calc","Final_Calculated","NaN","NEE_filled","NEE_filled"
"LE_filled","W.m-2","LE_filled","calc","Final_Calculated","NaN","LE_filled","LE_filled"
"H_filled","W.m-2","H_filled","calc","Final_Calculated","NaN","H_filled","H_filled"
"NEE_CPEC","umol.m-2.s-1","NEE_cleaned","cpec","Final_Calculated","NaN","NaN","NaN"
"FC_CPEC","umol.m-2.s-1","Fc","cpec","Final_Cleaned",,,
"CO2_CPEC_2m","ppm","CO2_top","cpec","Final_Calculated",,,
"CO2_0m","ppm","CO2_cpy","opec","Final_Calculated",,,
"SFC","umol.m-2.s-1","dcdt","cpec","Final_Calculated",,,
"LE_CPEC","W.m-2","LE_cleaned","cpec","Final_Calculated","NaN","NaN","NaN"
"H_CPEC","W.m-2","Hs_cleaned","cpec","Final_Calculated","NaN","NaN","NaN"
"Ustar_CPEC","m.s-1","Ustar","cpec","Final_Cleaned","NaN","NaN","NaN"
"H2O_CPEC","mmol mol-1","H2O_irga","cpec","Final_Cleaned",,,
"Heat Storage","W.m-2","Jtfill","cpec","Final_Calculated","Jt","Jt",
"G","W.m-2","SoilHeatFlux","met","Calculated4","SHF","SHF",
"APAR","umol.m-2.s-1",,,,,,
"FPAR","%",,,,,,
"ZL","N/A",,,,,,
"Rn","W.m-2","NetRad_AbvCnpy","met","Final_Cleaned","Rn","Rn","Rn"
"PARdown_2m","umol.m-2.s-1","DownPAR_AbvCnpy","met","Final_Cleaned",,,
"PARreflected_2m","umol.m-2.s-2","UpPAR_AbvCnpy","met","Final_Cleaned",,,
"PARdown_0m","umol.m-2.s-2",,,,,,
"Tair_2m","C","AirTemp_AbvCnpy","met","Final_Cleaned",,,
"RH_2m","%","RelHum_AbvCnpy","met","Final_Cleaned",,,
"WS","m.s-1","WindSpd","met","Final_Cleaned",,,
"W_DIR","degree","WindDir","met","Final_Cleaned","W_Dir","W_Dir","W_Dir"
"APR","kPa","Pressure","met","Final_Cleaned","APR","APR",
"PPT","mm","Rain","met","Final_Cleaned","PPT","PPT","PPT"
"Ts2cmA","C","SoilTemp_A_2cm","met","Final_Cleaned","Ts2cmA","Ts2cmA",
"Ts5cmA","C","SoilTemp_A_5cm","met","Final_Cleaned","Ts5cmA","Ts5cmA",
"Ts10cmA","C","SoilTemp_A_10cm","met","Final_Cleaned","Ts10cmA","Ts10cmA",
"Ts20cmA","C","SoilTemp_A_20cm","met","Final_Cleaned","Ts20cmA","Ts20cmA",
"Ts50cmA","C","SoilTemp_A_50cm","met","Final_Cleaned","Ts50cmA","Ts50cmA",
"Ts100cmA","C","SoilTemp_A_100cm","met","Final_Cleaned","Ts100cmA","Ts100cmA",
"Ts2cmB","C","SoilTemp_B_2cm","met","Final_Cleaned","Ts2cmB","Ts2cmB",
"Ts5cmB","C","SoilTemp_B_5cm","met","Final_Cleaned","Ts5cmB","Ts5cmB",
"Ts10cmB","C","SoilTemp_B_10cm","met","Final_Cleaned","Ts10cmB","Ts10cmB",
"Ts20cmB","C","SoilTemp_B_20cm","met","Final_Cleaned","Ts20cmB","Ts20cmB",
"Ts50cmB","C","SoilTemp_B_50cm","met","Final_Cleaned","Ts50cmB","Ts50cmB",
"Ts100cmB","C","SoilTemp_B_100cm","met","Final_Cleaned","Ts100cmB","Ts100cmB",
"SM5cmA","% volume","SM_A_5cm","met","Final_Cleaned","SM5cmA","SM5cmA",
"SM10cmA","% volume","SM_A_10cm","met","Final_Cleaned","SM10cmA","SM10cmA",
"SM20cmA","% volume","SM_A_20cm","met","Final_Cleaned","SM20cmA","SM20cmA",
"SM50cmA","% volume","SM_A_50cm","met","Final_Cleaned","SM50cmA","SM50cmA",
"SM100cmA","% volume","NaN",,,,,
"SM5cmB","% volume","SM_B_5cm","met","Final_Cleaned","SM5cmB","SM5cmB",
"SM10cmB","% volume","SM_B_10cm","met","Final_Cleaned","SM10cmB","SM10cmB",
"SM20cmB","% volume","SM_B_20cm","met","Final_Cleaned","SM20cmB","SM20cmB",
"SM50cmB","% volume","SM_B_50cm","met","Final_Cleaned","SM50cmB","SM50cmB",
"SM100cmB","% volume","SM_B_80-100cm","met","Final_Cleaned","SM100cmB","SM100cmB",
"G_Plate1","W.m-2","SoilHeatFlux_1","met","Final_Cleaned",,,
"G_Plate2","W.m-2","SoilHeatFlux_2","met","Final_Cleaned",,,
"Tair_2m_filled","C","AirTemp_AbvCnpy","met","Final_Filled","Ta","Ta","Ta"
"RH_2m_filled","%","RelHum_AbvCnpy","met","Final_Filled","RH","RH","RH"
"PARdown_2m_filled","umol.m-2.s-1","DownPAR_AbvCnpy","met","Final_Filled","PAR","PAR","PAR"
"WS_filled","m.s-1","WindSpd","met","Final_Filled","WS","WS","WS"
"APR_filled","kPa","Pressure","met","Final_Filled","APR","APR","APR"
"Ts_2cm_avg","C","SoilTemp_2cm","met","Final_Filled","Ts2","Ts2","Ts2"
"Ts_5cm_avg","C","SoilTemp_5cm","met","Final_Filled","Ts5","Ts5","Ts5"
"Ts_10cm_avg","C","SoilTemp_10cm","met","Final_Filled","Ts10","Ts10","Ts10"
"Ts_20cm_avg","C","SoilTemp_20cm","met","Final_Filled","Ts20","Ts20","Ts20"
"Ts_50cm_avg","C","SoilTemp_50cm","met","Final_Filled","Ts50","Ts50","Ts50"
"Ts_100cm_avg","C","SoilTemp_100cm","met","Final_Filled","Ts100","Ts100","Ts100"
"SM_A_0_30cm_avg","% volume","SM_A_30_avg","met","Final_Filled","SM_a","SM_a","SM_a"
"SM_B_0_30cm_avg","% volume","SM_B_30_avg","met","Final_Filled","SM_b","SM_b","SM_b"
"SM_A_0_30cm_filled","% volume","SM_A_30_filled","met","Final_Filled","SM_a_filled","SM_a_filled","SM_a_filled"
"SM_B_0_30cm_filled","% volume","SM_B_30_filled","met","Final_Filled","SM_b_filled","SM_b_filled","SM_b_filled"
"GEONOR_PPT","mm","GEO_PPT","ppt","Final_Filled","GEO_PPT","GEO_PPT","GEO_PPT"
"NEE_OPEC","umol.m-2.s-1","NEE_cleaned","opec","Final_Calculated","NaN",,
"GEP_filled_OPEC","umol.m-2.s-1","NaN",,,,,
"R_filled_OPEC","umol.m-2.s-1","NaN",,,,,
"NEE_filled_OPEC","umol.m-2.s-1","NaN",,,,,
"FC_OPEC","umol.m-2.s-1","Fc","opec","Final_Calculated","NaN",,
"CO2_OPEC","ppm","CO2_top","opec","Final_Calculated","NaN",,
"SFC_OPEC","umol.m-2.s-1","dcdt","opec","Final_Calculated","NaN",,
"LE_OPEC","W.m-2","LE_cleaned","opec","Final_Calculated","NaN",,
"H_OPEC","W.m-2","Hs_cleaned","opec","Final_Calculated","NaN",,
"LE_filled_OPEC","W.m-2","NaN",,,,,
"H_filled_OPEC","W.m-2","NaN",,,,,
"Ustar_OPEC","m.s-1","u_star","opec","Final_Calculated","NaN",,
"H2O_OPEC","mmol mol-1","H2O_top","opec","Final_Calculated","NaN",,
"GEP_filled_PI_pref","umol.m-2.s-1","GEP_filled_PI_pref","calc","Final_Calculated","NaN","GEP_filled_PI_pref","GEP_filled_PI_pref"
"R_filled_PI_pref","umol.m-2.s-1","RE_filled_PI_pref","calc","Final_Calculated","NaN","RE_filled_PI_pref","RE_filled_PI_pref"
"NEE_filled_PI_pref","umol.m-2.s-1","NEE_filled_PI_pref","calc","Final_Calculated","NaN","NEE_filled_PI_pref","NEE_filled_PI_pref"
"Schuepp_60flag","flag","Schuepp60","footprint","Final_Calculated","Schuepp_60flag","Schuepp_60flag","Schuepp_60flag"
"Schuepp_70flag","flag","Schuepp70","footprint","Final_Calculated","Schuepp_70flag","Schuepp_70flag","Schuepp_70flag"
"Schuepp_80flag","flag","Schuepp80","footprint","Final_Calculated","Schuepp_80flag","Schuepp_80flag","Schuepp_80flag"
"Schuepp_90flag","flag","Schuepp90","footprint","Final_Calculated","Schuepp_90flag","Schuepp_90flag","Schuepp_90flag"
"Hsieh_60flag","flag","Hsieh60","footprint","Final_Calculated","Hsieh_60flag","Hsieh_60flag","Hsieh_60flag"
"Hsieh_70flag","flag","Hsieh70","footprint","Final_Calculated","Hsieh_70flag","Hsieh_70flag","Hsieh_70flag"
"Hsieh_80flag","flag","Hsieh80","footprint","Final_Calculated","Hsieh_80flag","Hsieh_80flag","Hsieh_80flag"
"Hsieh_90flag","flag","Hsieh90","footprint","Final_Calculated","Hsieh_90flag","Hsieh_90flag","Hsieh_90flag"
