Year,UTC,Year,Year,Year,NaN,NaN,Year,Year,Year,Year,Year,YEAR
Month,UTC,Month,Month,Month,NaN,NaN,Month,Month,Month,Month,Month,NaN
Day,UTC,Day,Day,Day,NaN,NaN,Day,Day,Day,Day,Day,NaN
Hour,UTC,Hour,Hour,Hour,NaN,NaN,Hour,Hour,Hour,Hour,Hour,NaN
Minute,UTC,Minute,Minute,Minute,NaN,NaN,Minute,Minute,Minute,Minute,Minute,NaN
DTIME,UTC,dt,dt,dt,NaN,NaN,dt,dt,dt,dt,dt,DTIME
NetEcosystemExchange_AbvCnpy,umol/m2/s,NEE_all,mcm_data_compiler,NaN,Flx2,%6.3f,NEE,NEE,NEE,NEE,NEE,
CO2Flux_AbvCnpy,umol/m2/s,FC_all,mcm_data_compiler,NaN,Flx2,%6.3f,FC,FC,FC,FC,FC,FC
LatentHeatFlux_AbvCnpy,W/m2,LE_all,mcm_data_compiler,NaN,Flx2,%7.3f,LE,LE,LE,NaN,LE,
SensibleHeatFlux_AbvCnpy,W/m2,H_all,mcm_data_compiler,NaN,Flx2,%7.3f,H,H,H,H,H,
FrictionVelocity_AbvCnpy,m/s,Ustar_all,mcm_data_compiler,NaN,Flx2,%5.3f,Ustar,Ustar,Ustar,Ustar,Ustar,UST
CO2StorageFlux_GndtoTop,umol/m2/s,dcdt_all,mcm_data_compiler,NaN,Flx2,%6.3f,dcdt,NaN,NaN,dcdt,NaN,SFC
OneLevel_CO2StorageFlux_Top,umol/m2/s,dcdt_1h_all,mcm_data_compiler,NaN,Flx2,%6.3f,NaN,NaN,NaN,NaN,NaN,
TwoLevel_CO2StorageFlux_Top,umol/m2/s,dcdt_2h_all,mcm_data_compiler,NaN,Flx2,%6.3f,NaN,NaN,NaN,NaN,NaN,
NetEcosystemProductivity_AbvCnpy,umol/m2/s,NEP_all,mcm_data_compiler,NaN,Flx3,%6.3f,NEP,NEP,NEP,NaN,NaN,
EddyCovariance_CO2_AbvCnpy,ppm,CO2_top_all,mcm_data_compiler,NaN,Flx1,%8.3f,NaN,NaN,NaN,NaN,NaN,CO2
LI820_CO2_Cnpy_9.2m,ppm,CO2_cpy_all,mcm_data_compiler,NaN,NaN,NaN,NaN,NaN,NaN,NaN,NaN,
GapFilledPIPref_LE,W/m2,LE_filled,gapfilled_LE_H,New_SiteSpec,Flx2,%7.3f,NaN,LE_filled,LE_filled,NaN,LE_filled,LE
GapFilledPIPref_H,W/m2,H_filled,gapfilled_LE_H,New_SiteSpec,Flx2,%7.3f,NaN,H_filled,H_filled,NaN,H_filled,H
NEE_CPEC,umol/m2/s,NEE_cleaned,cpec,Final_Calculated,NaN,NaN,NaN,NaN,NaN,NaN,NaN,
FC_CPEC,umol/m2/s,Fc,cpec,Final_Calculated,NaN,NaN,NaN,NaN,NaN,NaN,NaN,
CO2_top_CPEC,ppm,CO2_top,cpec,Final_Calculated,NaN,NaN,NaN,NaN,NaN,NaN,NaN,
CO2_cpy_CPEC,ppm,CO2_Cnpy,met,Final_Cleaned,NaN,NaN,NaN,NaN,NaN,NaN,NaN,
dcdt_CPEC,umol/m2/s,dcdt,cpec,Final_Calculated,NaN,NaN,NaN,NaN,NaN,NaN,NaN,
dcdt_1h_CPEC,umol/m2/s,dcdt_1h,cpec,Final_Calculated,NaN,NaN,NaN,NaN,NaN,NaN,NaN,
dcdt_2h_CPEC,umol/m2/s,dcdt_2h,cpec,Final_Calculated,NaN,NaN,NaN,NaN,NaN,NaN,NaN,
LE_CPEC,W/m2,LE_cleaned,cpec,Final_Calculated,NaN,NaN,NaN,NaN,NaN,NaN,NaN,
H_CPEC,W/m2,Hs_cleaned,cpec,Final_Calculated,NaN,NaN,NaN,NaN,NaN,NaN,NaN,
Ustar_CPEC,m/s,Ustar,cpec,Final_Cleaned,NaN,NaN,NaN,NaN,NaN,NaN,NaN,
H2O_CPEC,mmol/mol,H2O_irga,cpec,Final_Cleaned,NaN,NaN,NaN,NaN,NaN,NaN,NaN,H2O
SensibleHeatStorageFlux_AbvCnpy_GndtoTop,W/m2,Jtfill,cpec,Final_Calculated,Flx2,%7.3f,Jt,Jt,NaN,NaN,NaN,SH
SoilHeatFlux_0cm,W/m2,SoilHeatFlux,met,Calculated4,Flx2,%7.3f,SHF,SHF,NaN,NaN,SHF,FG
APAR,umol/m2/s,NaN,NaN,NaN,NaN,NaN,NaN,NaN,NaN,NaN,NaN,
FPAR,%,NaN,NaN,NaN,NaN,NaN,NaN,NaN,NaN,NaN,NaN,
ZL,NaN,NaN,NaN,NaN,NaN,NaN,NaN,NaN,NaN,NaN,NaN,
z_EC,m,Heights,params,1,NaN,NaN,z_meas,NaN,NaN,NaN,NaN,
z_Tree,m,Heights,params,2,NaN,NaN,z_tree,NaN,NaN,NaN,NaN,
NRLite_NetRad_AbvCnpy_4m,W/m2,NetRad_AbvCnpy,met,Final_Cleaned,Met2,%7.3f,Rn,Rn,Rn,NaN,NaN,
DownPAR_AbvCnpy_4m,umol/m2/s,DownPAR_AbvCnpy,met,Final_Cleaned,Met2,%8.3f,NaN,NaN,NaN,NaN,NaN,
UpPAR_AbvCnpy_4m,umol/m2/s,UpPAR_AbvCnpy,met,Final_Cleaned,Met2,%8.3f,NaN,NaN,NaN,NaN,NaN,PARout
DownPAR_BlwCnpy_0m,umol/m2/s,NaN,NaN,NaN,NaN,NaN,NaN,NaN,NaN,NaN,NaN,
HMP45C_AirTemp_AbvCnpy_3m,degC,AirTemp_AbvCnpy,met,Final_Cleaned,Met2,%6.3f,NaN,NaN,NaN,NaN,NaN,
HMP45C_RelHum_AbvCnpy_3m,%,RelHum_AbvCnpy,met,Final_Cleaned,Met2,%7.3f,NaN,NaN,NaN,NaN,NaN,
WindSpd_AbvCnpy_3m,m/s,WindSpd,met,Final_Cleaned,Met2,%6.3f,NaN,NaN,NaN,NaN,NaN,
WindDir_AbvCnpy_3m,deg,WindDir,met,Final_Cleaned,Met2,%7.3f,W_Dir,W_Dir,W_Dir,W_Dir,W_Dir,WD
SurfPress,kPa,Pressure,met,Final_Cleaned,Met2,%7.3f,APR,APR,NaN,NaN,NaN,
TBRG_Rain_Clearing_2m,mm,Rain,met,Final_Cleaned,Met2,%6.3f,PPT,PPT,PPT,PPT,NaN,
SoilTemp_A_2cm,degC,SoilTemp_A_2cm,met,Final_Cleaned,Met2,%6.3f,Ts2cmA,Ts2cmA,NaN,NaN,Ts2cmA,
SoilTemp_A_5cm,degC,SoilTemp_A_5cm,met,Final_Cleaned,Met2,%6.3f,Ts5cmA,Ts5cmA,NaN,NaN,Ts5cmA,
SoilTemp_A_10cm,degC,SoilTemp_A_10cm,met,Final_Cleaned,Met2,%6.3f,Ts10cmA,Ts10cmA,NaN,NaN,Ts10cmA,
SoilTemp_A_20cm,degC,SoilTemp_A_20cm,met,Final_Cleaned,Met2,%6.3f,Ts20cmA,Ts20cmA,NaN,NaN,Ts20cmA,
SoilTemp_A_50cm,degC,SoilTemp_A_50cm,met,Final_Cleaned,Met2,%6.3f,Ts50cmA,Ts50cmA,NaN,NaN,Ts50cmA,
SoilTemp_A_100cm,degC,SoilTemp_A_100cm,met,Final_Cleaned,Met2,%6.3f,Ts100cmA,Ts100cmA,NaN,NaN,Ts100cmA,
SoilTemp_B_2cm,degC,SoilTemp_B_2cm,met,Final_Cleaned,Met2,%6.3f,Ts2cmB,Ts2cmB,NaN,NaN,Ts2cmB,
SoilTemp_B_5cm,degC,SoilTemp_B_5cm,met,Final_Cleaned,Met2,%6.3f,Ts5cmB,Ts5cmB,NaN,NaN,Ts5cmB,
SoilTemp_B_10cm,degC,SoilTemp_B_10cm,met,Final_Cleaned,Met2,%6.3f,Ts10cmB,Ts10cmB,NaN,NaN,Ts10cmB,
SoilTemp_B_20cm,degC,SoilTemp_B_20cm,met,Final_Cleaned,Met2,%6.3f,Ts20cmB,Ts20cmB,NaN,NaN,Ts20cmB,
SoilTemp_B_50cm,degC,SoilTemp_B_50cm,met,Final_Cleaned,Met2,%6.3f,Ts50cmB,Ts50cmB,NaN,NaN,Ts50cmB,
SoilTemp_B_100cm,degC,SoilTemp_B_100cm,met,Final_Cleaned,Met2,%6.3f,Ts100cmB,Ts100cmB,NaN,NaN,Ts100cmB,
VWC_A_5cm,m3/m3,SM_A_5cm,met,Final_Cleaned,SM2,%6.4f,SM5cmA,SM5cmA,NaN,NaN,SM5cmA,SWC1
VWC_A_10cm,m3/m3,SM_A_10cm,met,Final_Cleaned,SM2,%6.4f,SM10cmA,SM10cmA,NaN,NaN,SM10cmA,SWC2
VWC_A_20cm,m3/m3,SM_A_20cm,met,Final_Cleaned,SM2,%6.4f,SM20cmA,SM20cmA,NaN,NaN,SM20cmA,
VWC_A_50cm,m3/m3,SM_A_50cm,met,Final_Cleaned,SM2,%6.4f,SM50cmA,SM50cmA,NaN,NaN,SM50cmA,
VWC_A_100cm,m3/m3,NaN,NaN,NaN,SM2,%6.4f,NaN,NaN,NaN,NaN,SM100cmA,
VWC_B_5cm,m3/m3,SM_B_5cm,met,Final_Cleaned,SM2,%6.4f,SM5cmB,SM5cmB,NaN,NaN,SM5cmB,SWC1b
VWC_B_10cm,m3/m3,SM_B_10cm,met,Final_Cleaned,SM2,%6.4f,SM10cmB,SM10cmB,NaN,NaN,SM10cmB,SWC2b
VWC_B_20cm,m3/m3,SM_B_20cm,met,Final_Cleaned,SM2,%6.4f,SM20cmB,SM20cmB,NaN,NaN,SM20cmB,
VWC_B_50cm,m3/m3,SM_B_50cm,met,Final_Cleaned,SM2,%6.4f,SM50cmB,SM50cmB,NaN,NaN,SM50cmB,
VWC_B_100cm,m3/m3,SM_B_80-100cm,met,Final_Cleaned,SM2,%6.4f,SM100cmB,SM100cmB,NaN,NaN,SM100cmB,
SoilHeatFluxPlate_A_3cm,W/m2,SoilHeatFlux_1,met,Final_Cleaned,Met2,%7.3f,NaN,NaN,NaN,NaN,NaN,
SoilHeatFluxPlate_B_3cm,W/m2,SoilHeatFlux_2,met,Final_Cleaned,Met2,%7.3f,NaN,NaN,NaN,NaN,NaN,
AirTemp_AbvCnpy_3m,degC,AirTemp_AbvCnpy,met,Final_Filled,Met3,%6.3f,Ta,Ta,Ta,Ta,Ta,TA
RelHum_AbvCnpy_3m,%,RelHum_AbvCnpy,met,Final_Filled,Met3,%7.3f,RH,RH,RH,RH,RH,RH
DownPAR_AbvCnpy_3m,umol/m2/s,DownPAR_AbvCnpy,met,Final_Filled,Met3,%8.3f,PAR,PAR,PAR,PAR,PAR,PAR
WindSpd_AbvCnpy_3m,m/s,WindSpd,met,Final_Filled,Met3,%6.3f,WS,WS,WS,WS,WS,WS
SurfPress,kPa,Pressure,met,Final_Filled,Met3,%7.3f,APR,APR,APR,APR,APR,PRESS
FourWay_NetRad_AbvCnpy_4m,W/m2,NetRad_AbvCnpy,met,Final_Filled,Met3,%7.3f,Rn_filled,Rn_filled,Rn_filled,NaN,Rn_filled,Rn
GlobalShortwaveRad_AbvCnpy_4m,W/m2,DownShortWaveRad_Abv_Cnpy,met,Final_Filled,NaN,NaN,NaN,NaN,NaN,NaN,NaN,Rg
SoilTemp_2cm,degC,SoilTemp_2cm,met,Final_Filled,Met3,%6.3f,Ts2,Ts2,Ts2,Ts2,Ts2,TS1
SoilTemp_5cm,degC,SoilTemp_5cm,met,Final_Filled,Met3,%6.3f,Ts5,Ts5,Ts5,Ts5,Ts5,TS2
SoilTemp_10cm,degC,SoilTemp_10cm,met,Final_Filled,NaN,NaN,Ts10,Ts10,Ts10,NaN,Ts10,
SoilTemp_20cm,degC,SoilTemp_20cm,met,Final_Filled,NaN,NaN,Ts20,Ts20,Ts20,NaN,Ts20,
SoilTemp_50cm,degC,SoilTemp_50cm,met,Final_Filled,NaN,NaN,Ts50,Ts50,Ts50,NaN,Ts50,
SoilTemp_100cm,degC,SoilTemp_100cm,met,Final_Filled,NaN,NaN,Ts100,Ts100,Ts100,NaN,Ts100,
VWC_A_0_30cm_avg,m3/m3,SM_A_30_avg,met,Final_Filled,NaN,NaN,SM_a,SM_a,SM_a,SM_a,SM_a,
VWC_B_0_30cm_avg,m3/m3,SM_B_30_avg,met,Final_Filled,NaN,NaN,SM_b,SM_b,SM_b,SM_b,SM_b,
VWC_A_0_30cm,m3/m3,SM_A_30_filled,met,Final_Filled,SM3,%6.4f,SM_a_filled,SM_a_filled,SM_a_filled,SM_a_filled,SM_a_filled,
VWC_B_0_30cm,m3/m3,SM_B_30_filled,met,Final_Filled,SM3,%6.4f,SM_b_filled,SM_b_filled,SM_b_filled,SM_b_filled,SM_b_filled,
GEONOR_PPT,mm,GEO_PPT,ppt,Final_Filled,NaN,NaN,GEO_PPT,GEO_PPT,GEO_PPT,GEO_PPT,GEO_PPT,
NEE_OPEC,umol/m2/s,NEE_cleaned,opec,Final_Calculated,NaN,NaN,NaN,NaN,NaN,NaN,NaN,
GEP_filled_OPEC,umol/m2/s,NaN,NaN,NaN,NaN,NaN,NaN,NaN,NaN,NaN,NaN,
R_filled_OPEC,umol/m2/s,NaN,NaN,NaN,NaN,NaN,NaN,NaN,NaN,NaN,NaN,
NEE_OPEC_noBurba,umol/m2/s,NEE_noBurba,opec,Final_Calculated,NaN,NaN,NaN,NaN,NaN,NaN,NaN,
FC_OPEC,umol/m2/s,Fc,opec,Final_Calculated,NaN,NaN,NaN,NaN,NaN,NaN,NaN,
CO2_top_OPEC,ppm,CO2_top,opec,Final_Calculated,NaN,NaN,NaN,NaN,NaN,NaN,NaN,
CO2_cpy_OPEC,ppm,CO2_cpy,opec,Final_Calculated,NaN,NaN,NaN,NaN,NaN,NaN,NaN,
LE_OPEC,W/m2,LE_cleaned,opec,Final_Calculated,NaN,NaN,NaN,NaN,NaN,NaN,NaN,
H_OPEC,W/m2,Hs_cleaned,opec,Final_Calculated,NaN,NaN,NaN,NaN,NaN,NaN,NaN,
LE_OPEC_noBurba,W/m2,LE_noBurba,opec,Final_Calculated,NaN,NaN,NaN,NaN,NaN,NaN,NaN,
Fc_OPEC_noBurba,umol/m2/s,Fc_noBurba,opec,Final_Calculated,NaN,NaN,NaN,NaN,NaN,NaN,NaN,
Ustar_OPEC,m/s,u_star,opec,Final_Calculated,NaN,NaN,NaN,NaN,NaN,NaN,NaN,
H2O_OPEC,mmol/mol,H2O_top,opec,Final_Calculated,NaN,NaN,NaN,NaN,NaN,NaN,NaN,
dcdt_OPEC,umol/m2/s,dcdt,opec,Final_Calculated,NaN,NaN,NaN,NaN,NaN,NaN,NaN,
dcdt_1h_OPEC,umol/m2/s,dcdt_1h,opec,Final_Calculated,NaN,NaN,NaN,NaN,NaN,NaN,NaN,
dcdt_2h_OPEC,umol/m2/s,dcdt_2h,opec,Final_Calculated,NaN,NaN,NaN,NaN,NaN,NaN,NaN,
w_std_CPEC,m/s,w_std,cpec,Final_Cleaned,NaN,NaN,w_std,w_std,NaN,w_std,NaN,
v_std_CPEC,m/s,v_std,cpec,Final_Cleaned,,NaN,NaN,NaN,NaN,NaN,NaN,
CO2_std_CPEC,ppm,CO2_std,cpec,Final_Cleaned,NaN,NaN,CO2_std,CO2_std,NaN,CO2_std,NaN,
GapFilledPIPref_GEP,umol/m2/s,GEP_filled,gapfilled_NEE,SiteSpec_region,Flx3,%6.3f,NaN,GEP_filled_SiteSpec_region,GEP_filled_SiteSpec_region,NaN,GEP_filled_SiteSpec_region,GPP
GapFilledPIPref_R,umol/m2/s,RE_filled,gapfilled_NEE,SiteSpec_region,Flx3,%6.3f,NaN,R_filled_SiteSpec_region,R_filled_SiteSpec_region,NaN,R_filled_SiteSpec_region,RE
GapFilledPIPref_NEE,umol/m2/s,NEE_filled,gapfilled_NEE,SiteSpec_region,Flx3,%6.3f,NaN,NEE_filled_SiteSpec_region,NEE_filled_SiteSpec_region,NaN,NEE_filled_SiteSpec_region,NEE
GapFilledPIPref_SiteOnly_GEP,umol/m2/s,GEP_filled,gapfilled_NEE,SiteSpec_inbnds,NaN,NaN,NaN,GEP_filled_SiteSpec_inbounds,GEP_filled_SiteSpec_inbounds,NaN,GEP_filled_SiteSpec_inbounds,
GapFilledPIPref_SiteOnly_R,umol/m2/s,RE_filled,gapfilled_NEE,SiteSpec_inbnds,NaN,NaN,NaN,R_filled_SiteSpec_inbounds,R_filled_SiteSpec_inbounds,NaN,R_filled_SiteSpec_inbounds,
GapFilledPIPref_SiteOnly_NEE,umol/m2/s,NEE_filled,gapfilled_NEE,SiteSpec_inbnds,NaN,NaN,NaN,NEE_filled_SiteSpec_inbounds,NEE_filled_SiteSpec_inbounds,NaN,NEE_filled_SiteSpec_inbounds,
GapFilledFCRN_GEP,umol/m2/s,GEP_filled,gapfilled_NEE,FCRN_region,NaN,NaN,NaN,GEP_filled_FCRN_region,GEP_filled_FCRN_region,NaN,GEP_filled_FCRN_region,
GapFilledFCRN_R,umol/m2/s,RE_filled,gapfilled_NEE,FCRN_region,NaN,NaN,NaN,R_filled_FCRN_region,R_filled_FCRN_region,NaN,R_filled_FCRN_region,
GapFilledFCRN_NEE,umol/m2/s,NEE_filled,gapfilled_NEE,FCRN_region,NaN,NaN,NaN,NEE_filled_FCRN_region,NEE_filled_FCRN_region,NaN,NEE_filled_FCRN_region,
GapFilledFCRN_SiteOnly_GEP,umol/m2/s,GEP_filled,gapfilled_NEE,FCRN_inbnds,NaN,NaN,NaN,GEP_filled_FCRN_inbounds,GEP_filled_FCRN_inbounds,NaN,GEP_filled_FCRN_inbounds,
GapFilledFCRN_SiteOnly_R,umol/m2/s,RE_filled,gapfilled_NEE,FCRN_inbnds,NaN,NaN,NaN,R_filled_FCRN_inbounds,R_filled_FCRN_inbounds,NaN,R_filled_FCRN_inbounds,
GapFilledFCRN_SiteOnly_NEE,umol/m2/s,NEE_filled,gapfilled_NEE,FCRN_inbnds,NaN,NaN,NaN,NEE_filled_FCRN_inbounds,NEE_filled_FCRN_inbounds,NaN,NEE_filled_FCRN_inbounds,
GapFilledANN_GEP,umol/m2/s,GEP_filled,gapfilled_NEE,ANN_region,NaN,NaN,NaN,GEP_filled_ANN_region,GEP_filled_ANN_region,NaN,GEP_filled_ANN_region,
GapFilledANN_R,umol/m2/s,RE_filled,gapfilled_NEE,ANN_region,NaN,NaN,NaN,R_filled_ANN_region,R_filled_ANN_region,NaN,R_filled_ANN_region,
GapFilledANN_NEE,umol/m2/s,NEE_filled,gapfilled_NEE,ANN_region,NaN,NaN,NaN,NEE_filled_ANN_region,NEE_filled_ANN_region,NaN,NEE_filled_ANN_region,
GapFilledANN_SiteOnly_GEP,umol/m2/s,GEP_filled,gapfilled_NEE,ANN_inbnds,NaN,NaN,NaN,GEP_filled_ANN_inbounds,GEP_filled_ANN_inbounds,NaN,GEP_filled_ANN_inbounds,
GapFilledANN_SiteOnly_R,umol/m2/s,RE_filled,gapfilled_NEE,ANN_inbnds,NaN,NaN,NaN,R_filled_ANN_inbounds,R_filled_ANN_inbounds,NaN,R_filled_ANN_inbounds,
GapFilledANN_SiteOnly_NEE,umol/m2/s,NEE_filled,gapfilled_NEE,ANN_inbnds,NaN,NaN,NaN,NEE_filled_ANN_inbounds,NEE_filled_ANN_inbounds,NaN,NEE_filled_ANN_inbounds,
Kljun_Regional_70flag,flag,Kljun_all70,footprint,Final_Calculated,NaN,NaN,Kljun_Regional_70flag,Kljun_Regional_70flag,Kljun_Regional_70flag,NaN,Kljun_Regional_70flag,
Kljun_Regional_80flag,flag,Kljun_all80,footprint,Final_Calculated,NaN,NaN,Kljun_Regional_80flag,Kljun_Regional_80flag,Kljun_Regional_80flag,NaN,Kljun_Regional_80flag,
Kljun_Regional_90flag,flag,Kljun_all90,footprint,Final_Calculated,NaN,NaN,Kljun_Regional_90flag,Kljun_Regional_90flag,Kljun_Regional_90flag,NaN,Kljun_Regional_90flag,
Kljun_SiteOnly_70flag,flag,Kljun70,footprint,Final_Calculated,NaN,NaN,Kljun_SiteOnly_70flag,Kljun_SiteOnly_70flag,Kljun_SiteOnly_70flag,NaN,Kljun_SiteOnly_70flag,
Kljun_SiteOnly_75flag,flag,Kljun75,footprint,Final_Calculated,NaN,NaN,Kljun_SiteOnly_75flag,Kljun_SiteOnly_75flag,Kljun_SiteOnly_75flag,NaN,Kljun_SiteOnly_75flag,
Kljun_SiteOnly_80flag,flag,Kljun80,footprint,Final_Calculated,NaN,NaN,Kljun_SiteOnly_80flag,Kljun_SiteOnly_80flag,Kljun_SiteOnly_80flag,NaN,Kljun_SiteOnly_80flag,
TBRG_Rain_Clearing_2m,mm,TP02_PPT,ppt,Final_Filled,NaN,NaN,TP02_PPT_filled,TP02_PPT_filled,TP02_PPT_filled,TP02_PPT_filled,TP02_PPT_filled,PREC
