Year,Year,Year,Year,Year,Year,Year,Year
Month,Month,Month,Month,Month,Month,Month,Month
Day,Day,Day,Day,Day,Day,Day,Day
Hour,Hour,Hour,Hour,Hour,Hour,Hour,Hour
Minute,Minute,Minute,Minute,Minute,Minute,Minute,Minute
DTIME,DTIME,dt,dt,dt,dt,dt,dt
NEE,umol.m-2.s-1,NaN,mcm_data_compiler,NaN,NEE,NEE,NEE
FC,umol.m-2.s-1,NaN,mcm_data_compiler,NaN,FC,FC,FC
LE,W.m-2,NaN,mcm_data_compiler,NaN,LE,LE,LE
H,W.m-2,NaN,mcm_data_compiler,NaN,H,H,H
Ustar,m.s-1,NaN,mcm_data_compiler,NaN,Ustar,Ustar,Ustar
GEP_filled,umol.m-2.s-1,GEP_filled,calc,Gapfilling,NaN,GEP_filled,GEP_filled
R_filled,umol.m-2.s-1,RE_filled,calc,Gapfilling,NaN,R_filled,R_filled
NEE_filled,umol.m-2.s-1,NEE_filled,calc,Gapfilling,NaN,NEE_filled,NEE_filled
LE_filled,W.m-2,LE_filled,calc,Gapfilling,NaN,LE_filled,LE_filled
H_filled,W.m-2,H_filled,calc,Gapfilling,NaN,H_filled,H_filled
NEE_CPEC,umol.m-2.s-1,NEE_cleaned,cpec,Final_Calculated,NaN,NaN,NaN
FC_CPEC,umol.m-2.s-1,Fc,cpec,Final_Calculated,,,
CO2_CPEC_28m,ppm,CO2_top,cpec,Final_Calculated,,,
CO2_14m,ppm,CO2_Cnpy,met,Final_Cleaned,,,
CO2_2m,ppm,CO2_BlwCnpy,met,Final_Cleaned,,,
SFC,umol.m-2.s-1,dcdt,cpec,Final_Calculated,,,
LE_CPEC,W.m-2,LE_cleaned,cpec,Final_Calculated,NaN,NaN,NaN
H_CPEC,W.m-2,Hs_cleaned,cpec,Final_Calculated,NaN,NaN,NaN
Ustar_CPEC,m.s-1,Ustar,cpec,Final_Cleaned,NaN,NaN,NaN
H2O_CPEC,"mmol mol-1",H2O_irga,cpec,Final_Cleaned,,,
"Heat Storage",W.m-2,Jtfill,cpec,Final_Calculated,Jt,Jt,
G,W.m-2,SoilHeatFlux,met,Calculated4,SHF,SHF,
APAR,umol.m-2.s-1,,,,,,
FPAR,%,,,,,,
ZL,,,,,,,
Rn,W.m-2,NetRad_AbvCnpy,met,Final_Cleaned,Rn,Rn,Rn
Rn_2m,W.m-2,NetRad_BlwCnpy,met,Final_Cleaned,,,
SWdown,W.m-2,DownShortwaveRad,met,Final_Cleaned,,,
SWup,W.m-2,UpShortwaveRad,met,Final_Cleaned,,,
LWdown,W.m-2,DownLongwaveRad_AbvCnpy,met,Final_Cleaned,,,
LWup,W.m-2,UpLongwaveRad_AbvCnpy,met,Final_Cleaned,,,
PARdown_28m,umol.m-2.s-1,DownPAR_AbvCnpy,met,Final_Cleaned,,,
PARreflected_28m,umol.m-2.s-2,UpPAR_AbvCnpy,met,Final_Cleaned,,,
PARdown_2m,umol.m-2.s-2,DownPAR_BlwCnpy,met,Final_Cleaned,,,
Tair_28m,C,AirTemp_AbvCnpy,met,Final_Cleaned,,,
Tair_14m,C,AirTemp_Cnpy,met,Final_Cleaned,,,
Tair_2m,C,AirTemp_BlwCnpy,met,Final_Cleaned,,,
RH_28m,%,RelHum_AbvCnpy,met,Final_Cleaned,,,
RH_14m,%,RelHum_Cnpy,met,Final_Cleaned,,,
RH_2m,%,RelHum_BlwCnpy,met,Final_Cleaned,,,
WS,m.s-1,WindSpd,met,Final_Cleaned,,,
W_DIR,degree,WindDir,met,Final_Cleaned,W_Dir,W_Dir,W_Dir
APR,kPa,Pressure,met,Final_Cleaned,APR,APR,
PPT,mm,CS_Rain,met,Final_Cleaned,PPT,PPT,PPT
Ts2cmA,C,SoilTemp_A_2cm,met,Final_Cleaned,Ts2cmA,Ts2cmA,
Ts5cmA,C,SoilTemp_A_5cm,met,Final_Cleaned,Ts5cmA,Ts5cmA,
Ts10cmA,C,SoilTemp_A_10cm,met,Final_Cleaned,Ts10cmA,Ts10cmA,
Ts20cmA,C,SoilTemp_A_20cm,met,Final_Cleaned,Ts20cmA,Ts20cmA,
Ts50cmA,C,SoilTemp_A_50cm,met,Final_Cleaned,Ts50cmA,Ts50cmA,
Ts100cmA,C,SoilTemp_A_100cm,met,Final_Cleaned,Ts100cmA,Ts100cmA,
Ts2cmB,C,SoilTemp_B_2cm,met,Final_Cleaned,Ts2cmB,Ts2cmB,
Ts5cmB,C,SoilTemp_B_5cm,met,Final_Cleaned,Ts5cmB,Ts5cmB,
Ts10cmB,C,SoilTemp_B_10cm,met,Final_Cleaned,Ts10cmB,Ts10cmB,
Ts20cmB,C,SoilTemp_B_20cm,met,Final_Cleaned,Ts20cmB,Ts20cmB,
Ts50cmB,C,SoilTemp_B_50cm,met,Final_Cleaned,Ts50cmB,Ts50cmB,
Ts100cmB,C,SoilTemp_B_100cm,met,Final_Cleaned,Ts100cmB,Ts100cmB,
SM5cmA,"% volume",SM_A_5cm,met,Final_Cleaned,SM5cmA,SM5cmA,
SM10cmA,"% volume",SM_A_10cm,met,Final_Cleaned,SM10cmA,SM10cmA,
SM20cmA,"% volume",SM_A_20cm,met,Final_Cleaned,SM20cmA,SM20cmA,
SM50cmA,"% volume",SM_A_50cm,met,Final_Cleaned,SM50cmA,SM50cmA,
SM100cmA,"% volume",SM_A_100cm,met,Final_Cleaned,SM100cmA,SM100cmA,
SM5cmB,"% volume",SM_B_5cm,met,Final_Cleaned,SM5cmB,SM5cmB,
SM10cmB,"% volume",SM_B_10cm,met,Final_Cleaned,SM10cmB,SM10cmB,
SM20cmB,"% volume",SM_B_20cm,met,Final_Cleaned,SM20cmB,SM20cmB,
SM50cmB,"% volume",SM_B_50cm,met,Final_Cleaned,SM50cmB,SM50cmB,
SM100cmB,"% volume",SM_B_100cm,met,Final_Cleaned,SM100cmB,SM100cmB,
G_Plate1,W.m-2,SoilHeatFlux_HFT_1,met,Final_Cleaned,,,
G_Plate2,W.m-2,SoilHeatFlux_HFT_2,met,Final_Cleaned,,,
TreeTemp_Tree1_20CmaxBN,C,TreeTemp_Tree1_20CmaxBN,met,Final_Cleaned,,,
TreeTemp_Tree2_20CmaxBC,C,TreeTemp_Tree2_20CmaxBC,met,Final_Cleaned,,,
TreeTemp_Tree3_20CmaxBS,C,TreeTemp_Tree3_20CmaxBS,met,Final_Cleaned,,,
TreeTemp_Tree4_30CmaxTN,C,TreeTemp_Tree4_30CmaxTN,met,Final_Cleaned,,,
TreeTemp_Tree5_20CmaxTC,C,TreeTemp_Tree5_20CmaxTC,met,Final_Cleaned,,,
TreeTemp_Tree6_30CmaxTS,C,TreeTemp_Tree6_30CmaxTS,met,Final_Cleaned,,,
TreeTemp_Tree7_19BmedBN,C,TreeTemp_Tree7_19BmedBN,met,Final_Cleaned,,,
TreeTemp_Tree8_19Bmed,C,TreeTemp_Tree8_19Bmed,met,Final_Cleaned,,,
TreeTemp_Tree9_19BmedBC,C,TreeTemp_Tree9_19BmedBC,met,Final_Cleaned,,,
TreeTemp_Tree10_19BmedBS,C,TreeTemp_Tree10_19BmedBS,met,Final_Cleaned,,,
TreeTemp_Tree11_19BmedBQS,C,TreeTemp_Tree11_19BmedBQS,met,Final_Cleaned,,,
TreeTemp_Tree12_29BmedTN,C,TreeTemp_Tree12_29BmedTN,met,Final_Cleaned,,,
TreeTemp_Tree13_29BmedTQN,C,TreeTemp_Tree13_29BmedTQN,met,Final_Cleaned,,,
TreeTemp_Tree14_29BmedTC,C,TreeTemp_Tree14_29BmedTC,met,Final_Cleaned,,,
TreeTemp_Tree15_29BmedTS,C,TreeTemp_Tree15_29BmedTS,met,Final_Cleaned,,,
TreeTemp_Tree16_29BmedTQS,C,TreeTemp_Tree16_29BmedTQS,met,Final_Cleaned,,,
TreeTemp_Tree17_17minBH,C,TreeTemp_Tree17_17minBH,met,Final_Cleaned,,,
TreeTemp_Tree18_17minBC,C,TreeTemp_Tree18_17minBC,met,Final_Cleaned,,,
TreeTemp_Tree19_17minBS,C,TreeTemp_Tree19_17minBS,met,Final_Cleaned,,,
TreeTemp_Tree20_27AminTN,C,TreeTemp_Tree20_27AminTN,met,Final_Cleaned,,,
TreeTemp_Tree21_27Amin,C,TreeTemp_Tree21_27Amin,met,Final_Cleaned,,,
TreeTemp_Tree22_27Amin,C,TreeTemp_Tree22_27Amin,met,Final_Cleaned,,,
Tair_filled,C,AirTemp_AbvCnpy,met,Final_Filled,Ta,Ta,Ta
RH_filled,%,RelHum_AbvCnpy,met,Final_Filled,RH,RH,RH
PARdown_filled,umol.m-2.s-1,DownPAR_AbvCnpy,met,Final_Filled,PAR,PAR,PAR
WS_filled,m.s-1,WindSpd,met,Final_Filled,WS,WS,WS
APR_filled,kPa,Pressure,met,Final_Filled,APR,APR,APR
Ts_2cm_avg,C,SoilTemp_2cm,met,Final_Filled,Ts2,Ts2,Ts2
Ts_5cm_avg,C,SoilTemp_5cm,met,Final_Filled,Ts5,Ts5,Ts5
Ts_10cm_avg,C,SoilTemp_10cm,met,Final_Filled,Ts10,Ts10,Ts10
Ts_20cm_avg,C,SoilTemp_20cm,met,Final_Filled,Ts20,Ts20,Ts20
Ts_50cm_avg,C,SoilTemp_50cm,met,Final_Filled,Ts50,Ts50,Ts50
Ts_100cm_avg,C,SoilTemp_100cm,met,Final_Filled,Ts100,Ts100,Ts100
SM_A_0_30cm_avg,"% volume",SM_A_30_avg,met,Final_Filled,SM_a,SM_a,SM_a
SM_B_0_30cm_avg,"% volume",SM_B_30_avg,met,Final_Filled,SM_b,SM_b,SM_b
SM_A_0_30cm_filled,"% volume",SM_A_30_filled,met,Final_Filled,SM_a_filled,SM_a_filled,SM_a_filled
SM_B_0_30cm_filled,"% volume",SM_B_30_filled,met,Final_Filled,SM_b_filled,SM_b_filled,SM_b_filled
GEONOR_PPT,mm,GEO_PPT,ppt,Final_Filled,GEO_PPT,GEO_PPT,GEO_PPT
Lwdown_14m,W.m-2,DownLongwaveRad_BlwCnpy,met,Final_Cleaned,,,
Lwup_14m,W.m-2,UpLongwaveRad_BlwCnpy,met,Final_Cleaned,,,
SnowDepth,m,SnowDepth,met,Final_Cleaned,NaN,Snow_Depth,Snow_Depth
NEE_OPEC,umol.m-2.s-1,NEE_cleaned,opec,Final_Calculated,NaN,,
GEP_filled_OPEC,umol.m-2.s-1,NaN,,,,,
R_filled_OPEC,umol.m-2.s-1,NaN,,,,,
NEE_filled_OPEC,umol.m-2.s-1,NaN,,,,,
FC_OPEC,umol.m-2.s-1,Fc,opec,Final_Calculated,NaN,,
CO2_OPEC,ppm,CO2_top,opec,Final_Calculated,NaN,,
SFC_OPEC,umol.m-2.s-1,dcdt,opec,Final_Calculated,NaN,,
LE_OPEC,W.m-2,LE_cleaned,opec,Final_Calculated,NaN,,
H_OPEC,W.m-2,Hs_cleaned,opec,Final_Calculated,NaN,,
LE_filled_OPEC,W.m-2,NaN,,,,,
H_filled_OPEC,W.m-2,NaN,,,,,
Ustar_OPEC,m.s-1,u_star,opec,Final_Calculated,NaN,,
H2O_OPEC,"mmol mol-1",H2O_top,opec,Final_Calculated,NaN,,
GEP_filled_PI_pref,umol.m-2.s-1,GEP_filled_PI_pref,NaN,NaN,NaN,NaN,NaN
R_filled_PI_pref,umol.m-2.s-1,RE_filled_PI_pref,NaN,NaN,NaN,NaN,NaN
NEE_filled_PI_pref,umol.m-2.s-1,NEE_filled_PI_pref,NaN,NaN,NaN,NaN,NaN
Schuepp_60flag,flag,Schuepp60,footprint,Final_Calculated,Schuepp_60flag,Schuepp_60flag,Schuepp_60flag
Schuepp_70flag,flag,Schuepp70,footprint,Final_Calculated,Schuepp_70flag,Schuepp_70flag,Schuepp_70flag
Schuepp_80flag,flag,Schuepp80,footprint,Final_Calculated,Schuepp_80flag,Schuepp_80flag,Schuepp_80flag
Schuepp_90flag,flag,Schuepp90,footprint,Final_Calculated,Schuepp_90flag,Schuepp_90flag,Schuepp_90flag
Hsieh_60flag,flag,Hsieh60,footprint,Final_Calculated,Hsieh_60flag,Hsieh_60flag,Hsieh_60flag
Hsieh_70flag,flag,Hsieh70,footprint,Final_Calculated,Hsieh_70flag,Hsieh_70flag,Hsieh_70flag
Hsieh_80flag,flag,Hsieh80,footprint,Final_Calculated,Hsieh_80flag,Hsieh_80flag,Hsieh_80flag
Hsieh_90flag,flag,Hsieh90,footprint,Final_Calculated,Hsieh_90flag,Hsieh_90flag,Hsieh_90flag
