Year,Year,Year,Year,Year,NaN,NaN,Year,Year,Year
Month,Month,Month,Month,Month,NaN,NaN,Month,Month,Month
Day,Day,Day,Day,Day,NaN,NaN,Day,Day,Day
Hour,Hour,Hour,Hour,Hour,NaN,NaN,Hour,Hour,Hour
Minute,Minute,Minute,Minute,Minute,NaN,NaN,Minute,Minute,Minute
DTIME,DTIME,dt,dt,dt,NaN,NaN,dt,dt,dt
NetEcosystemExchange_AbvCnpy,umol/m2/s,NEE_all,mcm_data_compiler,NaN,Flux2,%6.3f,NEE,NEE,NEE
FC_AbvCnpy_AbvCnpy,umol/m2/s,FC_all,mcm_data_compiler,NaN,Flux2,%6.3f,FC,FC,FC
LatentHeatFlux_AbvCnpy,W/m2,LE_all,mcm_data_compiler,NaN,Flux2,%7.3f,LE,LE,LE
SensibleHeatFlux_AbvCnpy,W/m2,H_all,mcm_data_compiler,NaN,Flux2,%7.3f,H,H,H
Avg_FrictionVelocity_AbvCnpy,m/s,Ustar_all,mcm_data_compiler,NaN,Flux2,%5.3f,Ustar,Ustar,Ustar
GapFilledPIPref_GEP,umol/m2/s,GEP_filled,gapfilled_NEE,New_SiteSpec,Flux3,%6.3f,NaN,GEP_filled,GEP_filled
GapFilledPIPref_R,umol/m2/s,RE_filled,gapfilled_NEE,New_SiteSpec,Flux3,%6.3f,NaN,R_filled,R_filled
GapFilledPIPref_NEP,umol/m2/s,NEE_filled,gapfilled_NEE,New_SiteSpec,Flux3,%6.3f,NaN,NEE_filled,NEE_filled
GapFilledPIPref_LE,W/m2,LE_filled,gapfilled_LE_H,New_SiteSpec,Flux3,%7.3f,NaN,LE_filled,LE_filled
GapFilledPIPref_H,W/m2,H_filled,gapfilled_LE_H,New_SiteSpec,Flux3,%7.3f,NaN,H_filled,H_filled
NEE_CPEC,umol/m2/s,NEE_cleaned,cpec,Final_Calculated,NaN,NaN,NaN,NaN,NaN
FC_CPEC,umol/m2/s,Fc,cpec,Final_Calculated,NaN,NaN,NaN,NaN,NaN
EddyCovariance_CO2_AbvCnpy,ppm,CO2_top,cpec,Final_Calculated,Flux1,%8.3f,NaN,NaN,NaN
LI820_CO2_Cnpy_9.2m,ppm,CO2_cpy,opec,Final_Calculated,Flux1,%8.3f,NaN,NaN,NaN
LI820_CO2_Cnpy2_9.2m,ppm,CO2_Cnpy,met,Final_Cleaned,Flux1,%8.3f,NaN,NaN,NaN
CO2StorageFlux_Integrated_GndtoTop,umol/m2/s,dcdt,cpec,Final_Calculated,Flux2,%6.3f,NaN,NaN,NaN
CO2StorageFlux_Top,umol/m2/s,dcdt_1h,cpec,Final_Calculated,Flux2,%6.3f,NaN,NaN,NaN
CO2StorageFlux_2_height,umol/m2/s,dcdt_2h,cpec,Final_Calculated,Flux2,%6.3f,NaN,NaN,NaN
LE_CPEC,W/m2,LE_cleaned,cpec,Final_Calculated,NaN,NaN,NaN,NaN,NaN
H_CPEC,W/m2,Hs_cleaned,cpec,Final_Calculated,NaN,NaN,NaN,NaN,NaN
Ustar_CPEC,m/s,Ustar,cpec,Final_Cleaned,NaN,NaN,NaN,NaN,NaN
H2O_CPEC,mmol/mol,H2O_irga,cpec,Final_Cleaned,NaN,NaN,NaN,NaN,NaN
SensibleHeatStorageFlux_AbvCnpy_Top,W/m2,Jtfill,cpec,Final_Calculated,Flux2,%7.3f,Jt,Jt,NaN
Avg_SoilHeatFlux_0cm,W/m2,SoilHeatFlux,met,Calculated4,Flux2,%7.3f,SHF,SHF,NaN
APAR,umol/m2/s,NaN,NaN,NaN,NaN,NaN,NaN,NaN,NaN
FPAR,%,NaN,NaN,NaN,NaN,NaN,NaN,NaN,NaN
ZL,NaN,NaN,NaN,NaN,NaN,NaN,NaN,NaN,NaN
NRLite_NetRad_AbvCnpy,W/m2,NetRad_AbvCnpy,met,Final_Cleaned,Met2,%7.3f,Rn,Rn,Rn
DownPAR_AbvCnpy,umol/m2/s,DownPAR_AbvCnpy,met,Final_Cleaned,Met2,%8.3f,NaN,NaN,NaN
UpPAR_AbvCnpy,umol/m2/s2,UpPAR_AbvCnpy,met,Final_Cleaned,Met2,%8.3f,NaN,NaN,NaN
DownPAR_BlwCnpy,umol/m2/s2,DownPAR_AbvCnpy2,met,Final_Cleaned,Met2,%8.3f,NaN,NaN,NaN
HMP45C_AirTemp_AbvCnpy,C,AirTemp_AbvCnpy,met,Final_Cleaned,Met2,%6.3f,NaN,NaN,NaN
HMP45C_RelHum_AbvCnpy,%,RelHum_AbvCnpy,met,Final_Cleaned,Met2,%7.3f,NaN,NaN,NaN
WindSpd_AbvCnpy,m/s,WindSpd,met,Final_Cleaned,Met2,%6.3f,W_Dir,W_Dir,W_Dir
WindDir_AbvCnpy,degree,WindDir,met,Final_Cleaned,Met2,%7.3f,APR,APR,NaN
SurfPress,kPa,Pressure,met,Final_Cleaned,Met2,%7.3f,PPT,PPT,PPT
SoilTemp_A_2cm,C,SoilTemp_A_2cm,met,Final_Cleaned,Met2,%6.3f,Ts2cmA,Ts2cmA,NaN
SoilTemp_A_5cm,C,SoilTemp_A_5cm,met,Final_Cleaned,Met2,%6.3f,Ts5cmA,Ts5cmA,NaN
SoilTemp_A_10cm,C,SoilTemp_A_10cm,met,Final_Cleaned,Met2,%6.3f,Ts10cmA,Ts10cmA,NaN
SoilTemp_A_20cm,C,SoilTemp_A_20cm,met,Final_Cleaned,Met2,%6.3f,Ts20cmA,Ts20cmA,NaN
SoilTemp_A_50cm,C,SoilTemp_A_50cm,met,Final_Cleaned,Met2,%6.3f,Ts50cmA,Ts50cmA,NaN
SoilTemp_A_100cm,C,SoilTemp_A_100cm,met,Final_Cleaned,Met2,%6.3f,Ts100cmA,Ts100cmA,NaN
SoilTemp_B_2cm,C,SoilTemp_B_2cm,met,Final_Cleaned,Met2,%6.3f,Ts2cmB,Ts2cmB,NaN
SoilTemp_B_5cm,C,SoilTemp_B_5cm,met,Final_Cleaned,Met2,%6.3f,Ts5cmB,Ts5cmB,NaN
SoilTemp_B_10cm,C,SoilTemp_B_10cm,met,Final_Cleaned,Met2,%6.3f,Ts10cmB,Ts10cmB,NaN
SoilTemp_B_20cm,C,SoilTemp_B_20cm,met,Final_Cleaned,Met2,%6.3f,Ts20cmB,Ts20cmB,NaN
SoilTemp_B_50cm,C,SoilTemp_B_50cm,met,Final_Cleaned,Met2,%6.3f,Ts50cmB,Ts50cmB,NaN
SoilTemp_B_100cm,C,SoilTemp_B_100cm,met,Final_Cleaned,Met2,%6.3f,Ts100cmB,Ts100cmB,NaN
SoilMoist_A_5cm,"% volume",SM_A_5cm,met,Final_Cleaned,SM2,%6.4f,SM5cmA,SM5cmA,NaN
SoilMoist_A_10cm,"% volume",SM_A_10cm,met,Final_Cleaned,SM2,%6.4f,SM10cmA,SM10cmA,NaN
SoilMoist_A_20cm,"% volume",SM_A_20cm,met,Final_Cleaned,SM2,%6.4f,SM20cmA,SM20cmA,NaN
SoilMoist_A_50cm,"% volume",SM_A_50cm,met,Final_Cleaned,SM2,%6.4f,SM50cmA,SM50cmA,NaN
SoilMoist_A_100cm,"% volume",NaN,met,Final_Cleaned,SM2,%6.4f,SM100cmA,SM100cmA,NaN
SoilMoist_B_5cm,"% volume",SM_B_5cm,met,Final_Cleaned,SM2,%6.4f,SM5cmB,SM5cmB,NaN
SoilMoist_B_10cm,"% volume",SM_B_10cm,met,Final_Cleaned,SM2,%6.4f,SM10cmB,SM10cmB,NaN
SoilMoist_B_20cm,"% volume",SM_B_20cm,met,Final_Cleaned,SM2,%6.4f,SM20cmB,SM20cmB,NaN
SoilMoist_B_50cm,"% volume",SM_B_50cm,met,Final_Cleaned,SM2,%6.4f,SM50cmB,SM50cmB,NaN
SoilMoist_B_100cm,"% volume",SM_B_80-100cm,met,Final_Cleaned,SM2,%6.4f,SM100cmB,SM100cmB,NaN
SoilHeatFluxPlate_A_3cm,W/m2,SoilHeatFlux_1,met,Final_Cleaned,Met2,%7.3f,NaN,NaN,NaN
SoilHeatFluxPlate_B_3cm,W/m2,SoilHeatFlux_2,met,Final_Cleaned,Met2,%7.3f,NaN,NaN,NaN
TreeTemp_Tree1_maxBN,C,TreeTemp_Tree1_maxBN,met,Final_Cleaned,NaN,NaN,NaN,NaN,NaN
TreeTemp_Tree2_maxBC,C,TreeTemp_Tree2_maxBC,met,Final_Cleaned,NaN,NaN,NaN,NaN,NaN
TreeTemp_Tree3_maxBS,C,TreeTemp_Tree3_maxBS,met,Final_Cleaned,NaN,NaN,NaN,NaN,NaN
TreeTemp_Tree4_medBN,C,TreeTemp_Tree4_medBN,met,Final_Cleaned,NaN,NaN,NaN,NaN,NaN
TreeTemp_Tree5_medBQN,C,TreeTemp_Tree5_medBQN,met,Final_Cleaned,NaN,NaN,NaN,NaN,NaN
TreeTemp_Tree6_medBC,C,TreeTemp_Tree6_medBC,met,Final_Cleaned,NaN,NaN,NaN,NaN,NaN
TreeTemp_Tree7_medBQS,C,TreeTemp_Tree7_medBQS,met,Final_Cleaned,NaN,NaN,NaN,NaN,NaN
TreeTemp_Tree8_medBS,C,TreeTemp_Tree8_medBS,met,Final_Cleaned,NaN,NaN,NaN,NaN,NaN
TreeTemp_Tree9_minBN,C,TreeTemp_Tree9_minBN,met,Final_Cleaned,NaN,NaN,NaN,NaN,NaN
TreeTemp_Tree10_minBC,C,TreeTemp_Tree10_minBC,met,Final_Cleaned,NaN,NaN,NaN,NaN,NaN
TreeTemp_Tree11_minBS,C,TreeTemp_Tree11_minBS,met,Final_Cleaned,NaN,NaN,NaN,NaN,NaN
AirTemp_AbvCnpy,C,AirTemp_AbvCnpy,met,Final_Filled,Met3,%6.3f,Ta,Ta,Ta
RelHum_AbvCnpy,%,RelHum_AbvCnpy,met,Final_Filled,Met3,%7.3f,RH,RH,RH
DownPAR_AbvCnpy,umol/m2/s,DownPAR_AbvCnpy,met,Final_Filled,Met3,%8.3f,PAR,PAR,PAR
WindSpd_AbvCnpy,m/s,WindSpd,met,Final_Filled,Met3,%6.3f,WS,WS,WS
SurfPress,kPa,Pressure,met,Final_Filled,Met3,%7.3f,APR,APR,APR
FourWay_NetRad_AbvCnpy,W/m2,NetRad_AbvCnpy,met,Final_Filled,Met3,%7.3f,Rn_filled,Rn_filled,Rn_filled
GlobalShortwaveRad_AbvCnpy,W/m2,DownShortWaveRad_Abv_Cnpy,met,Final_Filled,NaN,NaN,NaN,NaN,NaN
SoilTemp_2cm,C,SoilTemp_2cm,met,Final_Filled,Met3,%6.3f,Ts2,Ts2,Ts2
SoilTemp_5cm,C,SoilTemp_5cm,met,Final_Filled,Met3,%6.3f,Ts5,Ts5,Ts5
SoilTemp_10cm,C,SoilTemp_10cm,met,Final_Filled,NaN,NaN,Ts10,Ts10,Ts10
SoilTemp_20cm,C,SoilTemp_20cm,met,Final_Filled,NaN,NaN,Ts20,Ts20,Ts20
SoilTemp_50cm,C,SoilTemp_50cm,met,Final_Filled,NaN,NaN,Ts50,Ts50,Ts50
SoilTemp_100cm,C,SoilTemp_100cm,met,Final_Filled,NaN,NaN,Ts100,Ts100,Ts100
SM_A_0_30cm_avg,"% volume",SM_A_30_avg,met,Final_Filled,NaN,NaN,SM_a,SM_a,SM_a
SM_B_0_30cm_avg,"% volume",SM_B_30_avg,met,Final_Filled,NaN,NaN,SM_b,SM_b,SM_b
SoilMoist_A_0_30cm,"% volume",SM_A_30_filled,met,Final_Filled,SM3,%6.4f,SM_a_filled,SM_a_filled,SM_a_filled
SoilMoist_B_0_30cm,"% volume",SM_B_30_filled,met,Final_Filled,SM3,%6.4f,SM_b_filled,SM_b_filled,SM_b_filled
GEONOR_PPT,mm,GEO_PPT,ppt,Final_Filled,NaN,NaN,GEO_PPT,GEO_PPT,GEO_PPT
NEE_OPEC,umol/m2/s,NEE_cleaned,opec,Final_Calculated,NaN,NaN,NaN,NaN,NaN
GEP_filled_OPEC,umol/m2/s,NaN,NaN,NaN,NaN,NaN,NaN,NaN,NaN
R_filled_OPEC,umol/m2/s,NaN,NaN,NaN,NaN,NaN,NaN,NaN,NaN
NEE_filled_OPEC,umol/m2/s,NaN,NaN,NaN,NaN,NaN,NaN,NaN,NaN
FC_OPEC,umol/m2/s,Fc,opec,Final_Calculated,NaN,NaN,NaN,NaN,NaN
CO2_OPEC,ppm,CO2_top,opec,Final_Calculated,NaN,NaN,NaN,NaN,NaN
SFC_OPEC,umol/m2/s,dcdt,opec,Final_Calculated,NaN,NaN,NaN,NaN,NaN
LE_OPEC,W/m2,LE_cleaned,opec,Final_Calculated,NaN,NaN,NaN,NaN,NaN
H_OPEC,W/m2,Hs_cleaned,opec,Final_Calculated,NaN,NaN,NaN,NaN,NaN
LE_filled_OPEC,W/m2,NaN,NaN,NaN,NaN,NaN,NaN,NaN,NaN
H_filled_OPEC,W/m2,NaN,NaN,NaN,NaN,NaN,NaN,NaN,NaN
Ustar_OPEC,m/s,u_star,opec,Final_Calculated,NaN,NaN,NaN,NaN,NaN
H2O_OPEC,mmol/mol,H2O_top,opec,Final_Calculated,NaN,NaN,NaN,NaN,NaN
Schuepp_60flag,flag,Schuepp60,footprint,Final_Calculated,NaN,NaN,Schuepp_60flag,Schuepp_60flag,Schuepp_60flag
Schuepp_65flag,flag,Schuepp65,footprint,Final_Calculated,NaN,NaN,Schuepp_65flag,Schuepp_65flag,Schuepp_65flag
Schuepp_70flag,flag,Schuepp70,footprint,Final_Calculated,NaN,NaN,Schuepp_70flag,Schuepp_70flag,Schuepp_70flag
Schuepp_75flag,flag,Schuepp75,footprint,Final_Calculated,NaN,NaN,Schuepp_75flag,Schuepp_75flag,Schuepp_75flag
Schuepp_80flag,flag,Schuepp80,footprint,Final_Calculated,NaN,NaN,Schuepp_80flag,Schuepp_80flag,Schuepp_80flag
Schuepp_85flag,flag,Schuepp85,footprint,Final_Calculated,NaN,NaN,Schuepp_85flag,Schuepp_85flag,Schuepp_85flag
Schuepp_90flag,flag,Schuepp90,footprint,Final_Calculated,NaN,NaN,Schuepp_90flag,Schuepp_90flag,Schuepp_90flag
GEP_filled_New_FCRN,umol/m2/s,GEP_filled,gapfilled_NEE,New_FCRN,Flux3,%6.3f,NaN,GEP_filled_New_FCRN,GEP_filled_New_FCRN
R_filled_New_FCRN,umol/m2/s,RE_filled,gapfilled_NEE,New_FCRN,Flux3,%6.3f,NaN,R_filled_New_FCRN,R_filled_New_FCRN
NEE_filled_New_FCRN,umol/m2/s,NEE_filled,gapfilled_NEE,New_FCRN,Flux3,%6.3f,NaN,NEE_filled_New_FCRN,NEE_filled_New_FCRN
GEP_filled_New_ANN,umol/m2/s,GEP_filled,gapfilled_NEE,New_ANN,Flux3,%6.3f,NaN,GEP_filled_New_ANN,GEP_filled_New_ANN
R_filled_New_ANN,umol/m2/s,RE_filled,gapfilled_NEE,New_ANN,Flux3,%6.3f,NaN,R_filled_New_ANN,R_filled_New_ANN
NEE_filled_New_ANN,umol/m2/s,NEE_filled,gapfilled_NEE,New_ANN,Flux3,%6.3f,NaN,NEE_filled_New_ANN,NEE_filled_New_ANN
GEP_filled_Old,umol/m2/s,GEP_filled,gapfilled_NEE,Old,Flux3,%6.3f,NaN,GEP_filled_Old,GEP_filled_Old
R_filled_Old,umol/m2/s,RE_filled,gapfilled_NEE,Old,Flux3,%6.3f,NaN,R_filled_Old,R_filled_Old
NEE_filled_Old,umol/m2/s,NEE_filled,gapfilled_NEE,Old,Flux3,%6.3f,NaN,NEE_filled_Old,NEE_filled_Old
