Year,UTC,Year,Year,Year,NaN,NaN,Year,Year,Year,Year,Year
Month,UTC,Month,Month,Month,NaN,NaN,Month,Month,Month,Month,Month
Day,UTC,Day,Day,Day,NaN,NaN,Day,Day,Day,Day,Day
Hour,UTC,Hour,Hour,Hour,NaN,NaN,Hour,Hour,Hour,Hour,Hour
Minute,UTC,Minute,Minute,Minute,NaN,NaN,Minute,Minute,Minute,Minute,Minute
DTIME,UTC,dt,dt,dt,NaN,NaN,dt,dt,dt,dt,dt
NetEcosystemExchange_28m,umol/m2/s,NEE_all,mcm_data_compiler,NaN,Flx2,%6.3f,NEE,NEE,NEE,NEE,NEE
CO2Flux_AbvCnpy_28m,umol/m2/s,FC_all,mcm_data_compiler,NaN,Flx2,%6.3f,FC,FC,FC,FC,FC
LatentHeatFlux_AbvCnpy_28m,W/m2,LE_all,mcm_data_compiler,NaN,Flx2,%7.3f,LE,LE,LE,NaN,NaN
SensibleHeatFlux_AbvCnpy_28m,W/m2,H_all,mcm_data_compiler,NaN,Flx2,%7.3f,H,H,H,H,H
FrictionVelocity_AbvCnpy_28m,m/s,Ustar_all,mcm_data_compiler,NaN,Flx2,%5.3f,Ustar,Ustar,Ustar,Ustar,Ustar
CO2StorageFlux_GndtoTop,umol/m2/s,dcdt_all,mcm_data_compiler,NaN,Flx2,%6.3f,dcdt,NaN,NaN,dcdt,NaN
OneLevel_CO2StorageFlux_Top,umol/m2/s,dcdt_1h_all,mcm_data_compiler,NaN,Flx2,%6.3f,NaN,NaN,NaN,NaN,NaN
TwoLevel_CO2StorageFlux_Top,umol/m2/s,dcdt_2h_all,mcm_data_compiler,NaN,Flx2,%6.3f,NaN,NaN,NaN,NaN,NaN
NetEcosystemProductivity_AbvCnpy,umol/m2/s,NEP_all,mcm_data_compiler,NaN,Flx3,%6.3f,NEP,NEP,NEP,NaN,NEP
EddyCovariance_CO2_AbvCnpy_28m,ppm,CO2_top_all,mcm_data_compiler,NaN,Flx1,%8.3f,NaN,NaN,NaN,NaN,NaN
LI820_CO2_Cnpy_14m,ppm,CO2_cpy_all,mcm_data_compiler,NaN,Flx1,%8.3f,NaN,NaN,NaN,NaN,NaN
GapFilledFCRN_GEP,umol/m2/s,GEP_filled,gapfilled_NEE,New_FCRN,Flx3,%6.3f,NaN,GEP_filled_New_FCRN,GEP_filled_New_FCRN,NaN,GEP_filled_New_FCRN
GapFilledFCRN_R,umol/m2/s,RE_filled,gapfilled_NEE,New_FCRN,Flx3,%6.3f,NaN,R_filled_New_FCRN,R_filled_New_FCRN,NaN,R_filled_New_FCRN
GapFilledFCRN_NEE,umol/m2/s,NEE_filled,gapfilled_NEE,New_FCRN,Flx3,%6.3f,NaN,NEE_filled_New_FCRN,NEE_filled_New_FCRN,NaN,NEE_filled_New_FCRN
GapfilledANN_GEP,umol/m2/s,GEP_filled,gapfilled_NEE,New_ANN,Flx3,%6.3f,NaN,GEP_filled_New_ANN,GEP_filled_New_ANN,NaN,GEP_filled_New_ANN
GapfilledANN_R,umol/m2/s,RE_filled,gapfilled_NEE,New_ANN,Flx3,%6.3f,NaN,R_filled_New_ANN,R_filled_New_ANN,NaN,R_filled_New_ANN
GapfilledANN_NEE,umol/m2/s,NEE_filled,gapfilled_NEE,New_ANN,Flx3,%6.3f,NaN,NEE_filled_New_ANN,NEE_filled_New_ANN,NaN,NEE_filled_New_ANN
GapFilledPIPref_GEP_New,umol/m2/s,GEP_filled,gapfilled_NEE,New_SiteSpec,Flx3,%6.3f,NaN,GEP_filled,GEP_filled,NaN,GEP_filled
GapFilledPIPref_R_New,umol/m2/s,RE_filled,gapfilled_NEE,New_SiteSpec,Flx3,%6.3f,NaN,R_filled,R_filled,NaN,R_filled
GapFilledPIPref_NEE_New,umol/m2/s,NEE_filled,gapfilled_NEE,New_SiteSpec,Flx3,%6.3f,NaN,NEE_filled,NEE_filled,NaN,NEE_filled
GapFilledPIPref_GEP_Old,umol/m2/s,GEP_filled,gapfilled_NEE,Old,Flx3,%6.3f,NaN,GEP_filled_Old,GEP_filled_Old,NaN,GEP_filled_Old
GapFilledPIPref_R_Old,umol/m2/s,RE_filled,gapfilled_NEE,Old,Flx3,%6.3f,NaN,R_filled_Old,R_filled_Old,NaN,R_filled_Old
GapFilledPIPref_NEE_Old,umol/m2/s,NEE_filled,gapfilled_NEE,Old,Flx3,%6.3f,NaN,NEE_filled_Old,NEE_filled_Old,NaN,NEE_filled_Old
GapFilledPIPref_LE,W/m2,LE_filled,gapfilled_LE_H,New_SiteSpec,Flx2,%7.3f,NaN,LE_filled,LE_filled,NaN,LE_filled
GapFilledPIPref_H,W/m2,H_filled,gapfilled_LE_H,New_SiteSpec,Flx2,%7.3f,NaN,H_filled,H_filled,NaN,H_filled
NEE_CPEC,umol/m2/s,NEE_cleaned,cpec,Final_Calculated,NaN,NaN,NaN,NaN,NaN,NaN,NaN
FC_CPEC,umol/m2/s,Fc,cpec,Final_Calculated,NaN,NaN,NaN,NaN,NaN,NaN,NaN
CO2_top_CPEC,ppm,CO2_top,cpec,Final_Calculated,NaN,NaN,NaN,NaN,NaN,NaN,NaN
CO2_cpy_CPEC,ppm,CO2_Cnpy,met,Final_Cleaned,NaN,NaN,NaN,NaN,NaN,NaN,NaN
LI800_CO2_BlwCnpy_2m,ppm,CO2_BlwCnpy,met,Final_Cleaned,Flx1,%8.3f,NaN,NaN,NaN,NaN,NaN
dcdt_CPEC,umol/m2/s,dcdt,cpec,Final_Calculated,NaN,NaN,NaN,NaN,NaN,NaN,NaN
dcdt_1h_CPEC,umol/m2/s,dcdt_1h,cpec,Final_Calculated,NaN,NaN,NaN,NaN,NaN,NaN,NaN
dcdt_2h_CPEC,umol/m2/s,dcdt_2h,cpec,Final_Calculated,NaN,NaN,NaN,NaN,NaN,NaN,NaN
LE_CPEC,W/m2,LE_cleaned,cpec,Final_Calculated,NaN,NaN,NaN,NaN,NaN,NaN,NaN
H_CPEC,W/m2,Hs_cleaned,cpec,Final_Calculated,NaN,NaN,NaN,NaN,NaN,NaN,NaN
Ustar_CPEC,m/s,Ustar,cpec,Final_Cleaned,NaN,NaN,NaN,NaN,NaN,NaN,NaN
H2O_CPEC,mmol/mol,H2O_irga,cpec,Final_Cleaned,NaN,NaN,NaN,NaN,NaN,NaN,NaN
SensibleHeatStorageFlux_AbvCnpy_0to28m,W/m2,Jtfill,cpec,Final_Calculated,Flx2,%7.3f,Jt,Jt,NaN,NaN,SHSF
SoilHeatFlux_0cm,W/m2,SoilHeatFlux,met,Calculated4,Flx2,%7.3f,SHF,SHF,NaN,NaN,SHF
APAR,umol/m2/s,NaN,NaN,NaN,NaN,NaN,NaN,NaN,NaN,NaN,NaN
FPAR,%,NaN,NaN,NaN,NaN,NaN,NaN,NaN,NaN,NaN,NaN
ZL,NaN,NaN,NaN,NaN,NaN,NaN,NaN,NaN,NaN,NaN,NaN
CNR1_NetRad_AbvCnpy_28m,W/m2,NetRad_AbvCnpy,met,Final_Cleaned,Met2,%7.3f,Rn,Rn,Rn,NaN,NaN
NRLite_NetRad_BlwCnpy_2m,W/m2,NetRad_BlwCnpy,met,Final_Cleaned,Met2,%7.3f,NaN,NaN,NaN,NaN,NaN
CNR1_GlobalShortwaveRad_AbvCnpy_28m,W/m2,DownShortwaveRad,met,Final_Cleaned,Met2,%7.3f,SW_down,SW_down,SW_down,NaN,SW_down
CNR1_UpShortwaveRad_AbvCnpy_28m,W/m2,UpShortwaveRad,met,Final_Cleaned,Met2,%7.3f,NaN,NaN,NaN,NaN,NaN
CNR1_DownLongwaveRad_AbvCnpy_28m,W/m2,DownLongwaveRad_AbvCnpy,met,Final_Cleaned,Met2,%7.3f,NaN,NaN,NaN,NaN,NaN
CNR1_UpLongwaveRad_AbvCnpy_28m,W/m2,UpLongwaveRad_AbvCnpy,met,Final_Cleaned,Met2,%7.3f,NaN,NaN,NaN,NaN,NaN
CNR1_DownLongwaveRad_Cnpy_14m,W/m2,DownLongwaveRad_BlwCnpy,met,Final_Cleaned,NaN,NaN,NaN,NaN,NaN,NaN,NaN
CNR1_UpLongwaveRad_Cnpy_14m,W/m2,UpLongwaveRad_BlwCnpy,met,Final_Cleaned,NaN,NaN,NaN,NaN,NaN,NaN,NaN
DownPAR_AbvCnpy_28m,umol/m2/s,DownPAR_AbvCnpy,met,Final_Cleaned,Met2,%8.3f,NaN,NaN,NaN,NaN,PARdn
UpPAR_AbvCnpy_28m,umol/m2/s,UpPAR_AbvCnpy,met,Final_Cleaned,Met2,%8.3f,NaN,NaN,NaN,NaN,PARup
DownPAR_BlwCnpy_2m,umol/m2/s,DownPAR_BlwCnpy,met,Final_Cleaned,Met2,%8.3f,NaN,NaN,NaN,NaN,PAR2dn
Aspirated_AirTemp_AbvCnpy_28m,degC,AirTemp_AbvCnpy,met,Final_Cleaned,Met2,%6.3f,NaN,NaN,NaN,NaN,NaN
Aspirated_AirTemp_Cnpy_14m,degC,AirTemp_Cnpy,met,Final_Cleaned,Met2,%6.3f,NaN,NaN,NaN,NaN,NaN
Aspirated_AirTemp_BlwCnpy_2m,degC,AirTemp_BlwCnpy,met,Final_Cleaned,Met2,%6.3f,NaN,NaN,NaN,NaN,NaN
Aspirated_RelHum_AbvCnpy_28m,%,RelHum_AbvCnpy,met,Final_Cleaned,Met2,%7.3f,NaN,NaN,NaN,NaN,NaN
Aspirated_RelHum_Cnpy_14m,%,RelHum_Cnpy,met,Final_Cleaned,Met2,%7.3f,NaN,NaN,NaN,NaN,NaN
Aspirated_RelHum_BlwCnpy_2m,%,RelHum_BlwCnpy,met,Final_Cleaned,Met2,%7.3f,NaN,NaN,NaN,NaN,NaN
WindSpd_AbvCnpy_28m,m/s,WindSpd,met,Final_Cleaned,Met2,%6.3f,NaN,NaN,NaN,NaN,NaN
WindDir_AbvCnpy_28m,deg,WindDir,met,Final_Cleaned,Met2,%7.3f,W_Dir,W_Dir,W_Dir,W_Dir,W_Dir
SurfPress,kPa,Pressure,met,Final_Cleaned,Met2,%7.3f,APR,APR,NaN,APR,NaN
TBRG_Rain_Tower_28m,mm,CS_Rain,met,Final_Cleaned,Met2,%6.3f,PPT,PPT,PPT,PPT,PPT
SoilTemp_A_2cm,degC,SoilTemp_A_2cm,met,Final_Cleaned,Met2,%6.3f,Ts2cmA,Ts2cmA,NaN,NaN,Ts2cmA
SoilTemp_A_5cm,degC,SoilTemp_A_5cm,met,Final_Cleaned,Met2,%6.3f,Ts5cmA,Ts5cmA,NaN,NaN,Ts5cmA
SoilTemp_A_10cm,degC,SoilTemp_A_10cm,met,Final_Cleaned,Met2,%6.3f,Ts10cmA,Ts10cmA,NaN,NaN,Ts10cmA
SoilTemp_A_20cm,degC,SoilTemp_A_20cm,met,Final_Cleaned,Met2,%6.3f,Ts20cmA,Ts20cmA,NaN,NaN,Ts20cmA
SoilTemp_A_50cm,degC,SoilTemp_A_50cm,met,Final_Cleaned,Met2,%6.3f,Ts50cmA,Ts50cmA,NaN,NaN,Ts50cmA
SoilTemp_A_100cm,degC,SoilTemp_A_100cm,met,Final_Cleaned,Met2,%6.3f,Ts100cmA,Ts100cmA,NaN,NaN,Ts100cmA
SoilTemp_B_2cm,degC,SoilTemp_B_2cm,met,Final_Cleaned,Met2,%6.3f,Ts2cmB,Ts2cmB,NaN,NaN,Ts2cmB
SoilTemp_B_5cm,degC,SoilTemp_B_5cm,met,Final_Cleaned,Met2,%6.3f,Ts5cmB,Ts5cmB,NaN,NaN,Ts5cmB
SoilTemp_B_10cm,degC,SoilTemp_B_10cm,met,Final_Cleaned,Met2,%6.3f,Ts10cmB,Ts10cmB,NaN,NaN,Ts10cmB
SoilTemp_B_20cm,degC,SoilTemp_B_20cm,met,Final_Cleaned,Met2,%6.3f,Ts20cmB,Ts20cmB,NaN,NaN,Ts20cmB
SoilTemp_B_50cm,degC,SoilTemp_B_50cm,met,Final_Cleaned,Met2,%6.3f,Ts50cmB,Ts50cmB,NaN,NaN,Ts50cmB
SoilTemp_B_100cm,degC,SoilTemp_B_100cm,met,Final_Cleaned,Met2,%6.3f,Ts100cmB,Ts100cmB,NaN,NaN,Ts100cmB
VWC_A_5cm,m3/m3,SM_A_5cm,met,Final_Cleaned,SM2,%6.4f,SM5cmA,SM5cmA,NaN,NaN,SM5cmA
VWC_A_10cm,m3/m3,SM_A_10cm,met,Final_Cleaned,SM2,%6.4f,SM10cmA,SM10cmA,NaN,NaN,SM10cmA
VWC_A_20cm,m3/m3,SM_A_20cm,met,Final_Cleaned,SM2,%6.4f,SM20cmA,SM20cmA,NaN,NaN,SM20cmA
VWC_A_50cm,m3/m3,SM_A_50cm,met,Final_Cleaned,SM2,%6.4f,SM50cmA,SM50cmA,NaN,NaN,SM50cmA
VWC_A_100cm,m3/m3,SM_A_100cm,met,Final_Cleaned,SM2,%6.4f,SM100cmA,SM100cmA,NaN,NaN,SM100cmA
VWC_B_5cm,m3/m3,SM_B_5cm,met,Final_Cleaned,SM2,%6.4f,SM5cmB,SM5cmB,NaN,NaN,SM5cmB
VWC_B_10cm,m3/m3,SM_B_10cm,met,Final_Cleaned,SM2,%6.4f,SM10cmB,SM10cmB,NaN,NaN,SM10cmB
VWC_B_20cm,m3/m3,SM_B_20cm,met,Final_Cleaned,SM2,%6.4f,SM20cmB,SM20cmB,NaN,NaN,SM20cmB
VWC_B_50cm,m3/m3,SM_B_50cm,met,Final_Cleaned,SM2,%6.4f,SM50cmB,SM50cmB,NaN,NaN,SM50cmB
VWC_B_100cm,m3/m3,SM_B_100cm,met,Final_Cleaned,SM2,%6.4f,SM100cmB,SM100cmB,NaN,NaN,SM100cmB
SoilHeatFluxPlate_A_3cm,W/m2,SoilHeatFlux_HFT_1,met,Final_Cleaned,Met2,%7.3f,NaN,NaN,NaN,NaN,NaN
SoilHeatFluxPlate_B_3cm,W/m2,SoilHeatFlux_HFT_2,met,Final_Cleaned,Met2,%7.3f,NaN,NaN,NaN,NaN,NaN
TreeTemp_Tree1_20CmaxBN,degC,TreeTemp_Tree1_20CmaxBN,met,Final_Cleaned,NaN,NaN,NaN,NaN,NaN,NaN,NaN
TreeTemp_Tree2_20CmaxBC,degC,TreeTemp_Tree2_20CmaxBC,met,Final_Cleaned,NaN,NaN,NaN,NaN,NaN,NaN,NaN
TreeTemp_Tree3_20CmaxBS,degC,TreeTemp_Tree3_20CmaxBS,met,Final_Cleaned,NaN,NaN,NaN,NaN,NaN,NaN,NaN
TreeTemp_Tree4_30CmaxTN,degC,TreeTemp_Tree4_30CmaxTN,met,Final_Cleaned,NaN,NaN,NaN,NaN,NaN,NaN,NaN
TreeTemp_Tree5_20CmaxTC,degC,TreeTemp_Tree5_20CmaxTC,met,Final_Cleaned,NaN,NaN,NaN,NaN,NaN,NaN,NaN
TreeTemp_Tree6_30CmaxTS,degC,TreeTemp_Tree6_30CmaxTS,met,Final_Cleaned,NaN,NaN,NaN,NaN,NaN,NaN,NaN
TreeTemp_Tree7_19BmedBN,degC,TreeTemp_Tree7_19BmedBN,met,Final_Cleaned,NaN,NaN,NaN,NaN,NaN,NaN,NaN
TreeTemp_Tree8_19Bmed,degC,TreeTemp_Tree8_19Bmed,met,Final_Cleaned,NaN,NaN,NaN,NaN,NaN,NaN,NaN
TreeTemp_Tree9_19BmedBC,degC,TreeTemp_Tree9_19BmedBC,met,Final_Cleaned,NaN,NaN,NaN,NaN,NaN,NaN,NaN
TreeTemp_Tree10_19BmedBS,degC,TreeTemp_Tree10_19BmedBS,met,Final_Cleaned,NaN,NaN,NaN,NaN,NaN,NaN,NaN
TreeTemp_Tree11_19BmedBQS,degC,TreeTemp_Tree11_19BmedBQS,met,Final_Cleaned,NaN,NaN,NaN,NaN,NaN,NaN,NaN
TreeTemp_Tree12_29BmedTN,degC,TreeTemp_Tree12_29BmedTN,met,Final_Cleaned,NaN,NaN,NaN,NaN,NaN,NaN,NaN
TreeTemp_Tree13_29BmedTQN,degC,TreeTemp_Tree13_29BmedTQN,met,Final_Cleaned,NaN,NaN,NaN,NaN,NaN,NaN,NaN
TreeTemp_Tree14_29BmedTC,degC,TreeTemp_Tree14_29BmedTC,met,Final_Cleaned,NaN,NaN,NaN,NaN,NaN,NaN,NaN
TreeTemp_Tree15_29BmedTS,degC,TreeTemp_Tree15_29BmedTS,met,Final_Cleaned,NaN,NaN,NaN,NaN,NaN,NaN,NaN
TreeTemp_Tree16_29BmedTQS,degC,TreeTemp_Tree16_29BmedTQS,met,Final_Cleaned,NaN,NaN,NaN,NaN,NaN,NaN,NaN
TreeTemp_Tree17_17minBH,degC,TreeTemp_Tree17_17minBH,met,Final_Cleaned,NaN,NaN,NaN,NaN,NaN,NaN,NaN
TreeTemp_Tree18_17minBC,degC,TreeTemp_Tree18_17minBC,met,Final_Cleaned,NaN,NaN,NaN,NaN,NaN,NaN,NaN
TreeTemp_Tree19_17minBS,degC,TreeTemp_Tree19_17minBS,met,Final_Cleaned,NaN,NaN,NaN,NaN,NaN,NaN,NaN
TreeTemp_Tree20_27AminTN,degC,TreeTemp_Tree20_27AminTN,met,Final_Cleaned,NaN,NaN,NaN,NaN,NaN,NaN,NaN
TreeTemp_Tree21_27Amin,degC,TreeTemp_Tree21_27Amin,met,Final_Cleaned,NaN,NaN,NaN,NaN,NaN,NaN,NaN
TreeTemp_Tree22_27Amin,degC,TreeTemp_Tree22_27Amin,met,Final_Cleaned,NaN,NaN,NaN,NaN,NaN,NaN,NaN
AirTemp_AbvCnpy_28m,degC,AirTemp_AbvCnpy,met,Final_Filled,Met3,%6.3f,Ta,Ta,Ta,Ta,Ta
RelHum_AbvCnpy_28m,%,RelHum_AbvCnpy,met,Final_Filled,Met3,%7.3f,RH,RH,RH,RH,RH
DownPAR_AbvCnpy_28m,umol/m2/s,DownPAR_AbvCnpy,met,Final_Filled,Met3,%8.3f,PAR,PAR,PAR,PAR,PAR
WindSpd_AbvCnpy_28m,m/s,WindSpd,met,Final_Filled,Met3,%6.3f,WS,WS,WS,WS,WS
SurfPress,kPa,Pressure,met,Final_Filled,Met3,%7.3f,APR,APR,APR,APR,APR
FourWay_NetRad_AbvCnpy_28m,W/m2,NetRad_AbvCnpy,met,Final_Filled,Met3,%7.3f,Rn_filled,Rn_filled,Rn_filled,NaN,Rn_filled
CNR1_GlobalShortwaveRad_AbvCnpy_28m,W/m2,DownShortWaveRad_Abv_Cnpy,met,Final_Filled,Met3,%8.3f,NaN,NaN,NaN,NaN,NaN
SoilTemp_2cm,degC,SoilTemp_2cm,met,Final_Filled,Met3,%6.3f,Ts2,Ts2,Ts2,Ts2,Ts2
SoilTemp_5cm,degC,SoilTemp_5cm,met,Final_Filled,Met3,%6.3f,Ts5,Ts5,Ts5,Ts5,Ts5
SoilTemp_10cm,degC,SoilTemp_10cm,met,Final_Filled,NaN,NaN,Ts10,Ts10,Ts10,NaN,Ts10
SoilTemp_20cm,degC,SoilTemp_20cm,met,Final_Filled,NaN,NaN,Ts20,Ts20,Ts20,NaN,Ts20
SoilTemp_50cm,degC,SoilTemp_50cm,met,Final_Filled,NaN,NaN,Ts50,Ts50,Ts50,NaN,Ts50
SoilTemp_100cm,degC,SoilTemp_100cm,met,Final_Filled,NaN,NaN,Ts100,Ts100,Ts100,NaN,Ts100
VWC_A_0_30cm_avg,m3/m3,SM_A_30_avg,met,Final_Filled,NaN,NaN,SM_a,SM_a,SM_a,SM_a,SM_a
VWC_B_0_30cm_avg,m3/m3,SM_B_30_avg,met,Final_Filled,NaN,NaN,SM_b,SM_b,SM_b,SM_b,SM_b
VWC_A_0_30cm,m3/m3,SM_A_30_filled,met,Final_Filled,SM3,%6.4f,SM_a_filled,SM_a_filled,SM_a_filled,SM_a_filled,SM_a_filled
VWC_B_0_30cm,m3/m3,SM_B_30_filled,met,Final_Filled,SM3,%6.4f,SM_b_filled,SM_b_filled,SM_b_filled,SM_b_filled,SM_b_filled
GEONOR_PPT,mm,GEO_PPT,ppt,Final_Filled,NaN,NaN,GEO_PPT,GEO_PPT,GEO_PPT,GEO_PPT,GEO_PPT
SnowDepth_BlwCnpy,m,SnowDepth,met,Final_Cleaned,Met2,%5.3f,NaN,Snow_Depth,Snow_Depth,NaN,Snow_Depth
NEE_OPEC,umol/m2/s,NEE_cleaned,opec,Final_Calculated,NaN,NaN,NaN,NaN,NaN,NaN,NaN
GEP_filled_OPEC,umol/m2/s,NaN,NaN,NaN,NaN,NaN,NaN,NaN,NaN,NaN,NaN
R_filled_OPEC,umol/m2/s,NaN,NaN,NaN,NaN,NaN,NaN,NaN,NaN,NaN,NaN
NEE_OPEC_noBurba,umol/m2/s,NEE_noBurba,opec,Final_Calculated,NaN,NaN,NaN,NaN,NaN,NaN,NaN
FC_OPEC,umol/m2/s,Fc,opec,Final_Calculated,NaN,NaN,NaN,NaN,NaN,NaN,NaN
CO2_top_OPEC,ppm,CO2_top,opec,Final_Calculated,NaN,NaN,NaN,NaN,NaN,NaN,NaN
CO2_cpy_OPEC,ppm,CO2_cpy,opec,Final_Calculated,NaN,NaN,NaN,NaN,NaN,NaN,NaN
LE_OPEC,W/m2,LE_cleaned,opec,Final_Calculated,NaN,NaN,NaN,NaN,NaN,NaN,NaN
H_OPEC,W/m2,Hs_cleaned,opec,Final_Calculated,NaN,NaN,NaN,NaN,NaN,NaN,NaN
LE_OPEC_noBurba,W/m2,LE_noBurba,opec,Final_Calculated,NaN,NaN,NaN,NaN,NaN,NaN,NaN
Fc_OPEC_noBurba,umol/m2/s,Fc_noBurba,opec,Final_Calculated,NaN,NaN,NaN,NaN,NaN,NaN,NaN
Ustar_OPEC,m/s,u_star,opec,Final_Calculated,NaN,NaN,NaN,NaN,NaN,NaN,NaN
H2O_OPEC,mmol/mol,H2O_top,opec,Final_Calculated,NaN,NaN,NaN,NaN,NaN,NaN,NaN
dcdt_OPEC,umol/m2/s,dcdt,opec,Final_Calculated,NaN,NaN,NaN,NaN,NaN,NaN,NaN
dcdt_1h_OPEC,umol/m2/s,dcdt_1h,opec,Final_Calculated,NaN,NaN,NaN,NaN,NaN,NaN,NaN
dcdt_2h_OPEC,umol/m2/s,dcdt_2h,opec,Final_Calculated,NaN,NaN,NaN,NaN,NaN,NaN,NaN
Schuepp_60flag,flag,Schuepp60,footprint,Final_Calculated,NaN,NaN,Schuepp_60flag,Schuepp_60flag,Schuepp_60flag,NaN,Schuepp_60flag
Schuepp_65flag,flag,Schuepp65,footprint,Final_Calculated,NaN,NaN,Schuepp_65flag,Schuepp_65flag,Schuepp_65flag,NaN,Schuepp_65flag
Schuepp_70flag,flag,Schuepp70,footprint,Final_Calculated,NaN,NaN,Schuepp_70flag,Schuepp_70flag,Schuepp_70flag,NaN,Schuepp_70flag
Schuepp_75flag,flag,Schuepp75,footprint,Final_Calculated,NaN,NaN,Schuepp_75flag,Schuepp_75flag,Schuepp_75flag,NaN,Schuepp_75flag
Schuepp_80flag,flag,Schuepp80,footprint,Final_Calculated,NaN,NaN,Schuepp_80flag,Schuepp_80flag,Schuepp_80flag,NaN,Schuepp_80flag
Schuepp_85flag,flag,Schuepp85,footprint,Final_Calculated,NaN,NaN,Schuepp_85flag,Schuepp_85flag,Schuepp_85flag,NaN,Schuepp_85flag
Schuepp_90flag,flag,Schuepp90,footprint,Final_Calculated,NaN,NaN,Schuepp_90flag,Schuepp_90flag,Schuepp_90flag,NaN,Schuepp_90flag
OTT_WaterTableDepth,m_blw_sfc,WT_Depth,ott,Final_Calculated,Met2,%6.3f,NaN,NaN,NaN,NaN,NaN
OTT_WaterTemp,degC,Water_Temp,ott,Final_Cleaned,NaN,NaN,NaN,NaN,NaN,NaN,NaN
SoilTemp_DR_5cm,degC,Ts_DR_5cm,trenched,Final_Cleaned,NaN,NaN,NaN,NaN,NaN,NaN,NaN
SoilTemp_TR_5cm,degC,Ts_Tr_5cm,trenched,Final_Cleaned,NaN,NaN,NaN,NaN,NaN,NaN,NaN
SoilTemp_TR_20cm,degC,Ts_Tr_20cm,trenched,Final_Cleaned,NaN,NaN,NaN,NaN,NaN,NaN,NaN
VWC_DR_50cm,m3/m3,SM_DR_50cm,trenched,Final_Cleaned,NaN,NaN,NaN,NaN,NaN,NaN,NaN
VWC_DR_100cm,m3/m3,SM_DR_100cm,trenched,Final_Cleaned,NaN,NaN,NaN,NaN,NaN,NaN,NaN
VWC_DR2_5cm,m3/m3,SM_DR2_5cm,trenched,Final_Cleaned,NaN,NaN,NaN,NaN,NaN,NaN,NaN
VWC_DR2_20cm,m3/m3,SM_DR2_20cm,trenched,Final_Cleaned,NaN,NaN,NaN,NaN,NaN,NaN,NaN
VWC_DR2_50cm,m3/m3,SM_DR2_50cm,trenched,Final_Cleaned,NaN,NaN,NaN,NaN,NaN,NaN,NaN
VWC_TR_0_30cm,m3/m3,SM_Tr_0_30cm,trenched,Final_Cleaned,NaN,NaN,NaN,NaN,NaN,NaN,NaN
SoilWaterPot_DR_10cm,bar,SWP_DRa_10cm,trenched,Final_Cleaned,NaN,NaN,NaN,NaN,NaN,NaN,NaN
SoilWaterPot_DR2_10cm,bar,SWP_DRb_10cm,trenched,Final_Cleaned,NaN,NaN,NaN,NaN,NaN,NaN,NaN
SoilWaterPot_TR_10cm,bar,SWP_TR_10cm,trenched,Final_Cleaned,NaN,NaN,NaN,NaN,NaN,NaN,NaN
w_std_CPEC,m/s,w_std,cpec,Final_Cleaned,NaN,NaN,w_std,w_std,NaN,w_std,NaN
CO2_std_CPEC,ppm,CO2_std,cpec,Final_Cleaned,NaN,NaN,CO2_std,CO2_std,NaN,CO2_std,NaN
GapFilledPIPref_GEP_New_SiteSpec_JGR,umol/m2/s,GEP_filled,gapfilled_NEE,New_SiteSpec_JGR,NaN,NaN,NaN,GEP_filled_New_SiteSpec_JGR,GEP_filled_New_SiteSpec_JGR,NaN,GEP_filled_New_SiteSpec_JGR
GapFilledPIPref_R_New_SiteSpec_JGR,umol/m2/s,RE_filled,gapfilled_NEE,New_SiteSpec_JGR,NaN,NaN,NaN,R_filled_New_SiteSpec_JGR,R_filled_New_SiteSpec_JGR,NaN,R_filled_New_SiteSpec_JGR
GapFilledPIPref_NEE_New_SiteSpec_JGR,umol/m2/s,NEE_filled,gapfilled_NEE,New_SiteSpec_JGR,NaN,NaN,NaN,NEE_filled_New_SiteSpec_JGR,NEE_filled_New_SiteSpec_JGR,NaN,NEE_filled_New_SiteSpec_JGR
GapFilledPIPref_GEP_New_SiteSpec_REpool,umol/m2/s,GEP_filled,gapfilled_NEE,New_SiteSpec_REpool,NaN,NaN,NaN,GEP_filled_New_SiteSpec_REpool,GEP_filled_New_SiteSpec_REpool,NaN,GEP_filled_New_SiteSpec_REpool
GapFilledPIPref_R_New_SiteSpec_REpool,umol/m2/s,RE_filled,gapfilled_NEE,New_SiteSpec_REpool,NaN,NaN,NaN,R_filled_New_SiteSpec_REpool,R_filled_New_SiteSpec_REpool,NaN,R_filled_New_SiteSpec_REpool
GapFilledPIPref_NEE_New_SiteSpec_REpool,umol/m2/s,NEE_filled,gapfilled_NEE,New_SiteSpec_REpool,NaN,NaN,NaN,NEE_filled_New_SiteSpec_REpool,NEE_filled_New_SiteSpec_REpool,NaN,NEE_filled_New_SiteSpec_REpool
GapFilledPIPref_GEP_New_SiteSpec_Old_Sch70,umol/m2/s,GEP_filled,gapfilled_NEE,Old_Sch70,NaN,NaN,NaN,GEP_filled_Old_Sch70,GEP_filled_Old_Sch70,NaN,GEP_filled_Old_Sch70
GapFilledPIPref_R_New_SiteSpec_Old_Sch70,umol/m2/s,RE_filled,gapfilled_NEE,Old_Sch70,NaN,NaN,NaN,R_filled_Old_Sch70,R_filled_Old_Sch70,NaN,R_filled_Old_Sch70
GapFilledPIPref_NEE_New_SiteSpec_Old_Sch70,umol/m2/s,NEE_filled,gapfilled_NEE,Old_Sch70,NaN,NaN,NaN,NEE_filled_Old_Sch70,NEE_filled_Old_Sch70,NaN,NEE_filled_Old_Sch70
GapFilledPIPref_GEP_SiteSpec_KLJ80,umol/m2/s,GEP_filled,gapfilled_NEE,New_SiteSpec_KLJ,NaN,NaN,NaN,GEP_filled_SiteSpec_KLJ80,GEP_filled_SiteSpec_KLJ80,NaN,GEP_filled_SiteSpec_KLJ80
GapFilledPIPref_R_SiteSpec_KLJ80,umol/m2/s,RE_filled,gapfilled_NEE,New_SiteSpec_KLJ,NaN,NaN,NaN,R_filled_SiteSpec_KLJ80,R_filled_SiteSpec_KLJ80,NaN,R_filled_SiteSpec_KLJ80
GapFilledPIPref_NEE_SiteSpec_KLJ80,umol/m2/s,NEE_filled,gapfilled_NEE,New_SiteSpec_KLJ,NaN,NaN,NaN,NEE_filled_SiteSpec_KLJ80,NEE_filled_SiteSpec_KLJ80,NaN,NEE_filled_SiteSpec_KLJ80
GapFilledPIPref_GEP_SiteSpec_Altaf,umol/m2/s,GEP_filled,gapfilled_NEE,New_SiteSpec_KLJ_Altaf,NaN,NaN,NaN,GEP_filled_SiteSpec_noFP,GEP_filled_SiteSpec_noFP,NaN,GEP_filled_SiteSpec_noFP
GapFilledPIPref_R_SiteSpec_Altaf,umol/m2/s,RE_filled,gapfilled_NEE,New_SiteSpec_KLJ_Altaf,NaN,NaN,NaN,R_filled_SiteSpec_noFP,R_filled_SiteSpec_noFP,NaN,R_filled_SiteSpec_noFP
GapFilledPIPref_NEE_SiteSpec_Altaf,umol/m2/s,NEE_filled,gapfilled_NEE,New_SiteSpec_KLJ_Altaf,NaN,NaN,NaN,NEE_filled_SiteSpec_noFP,NEE_filled_SiteSpec_noFP,NaN,NEE_filled_SiteSpec_noFP
