Year,Year,,,,Year,Year,Year
Month,Month,,,,Month,Month,Month
Day,Day,,,,Day,Day,Day
Hour,Hour,,,,Hour,Hour,Hour
Minute,Minute,,,,Minute,Minute,Minute
DTIME,DTIME,,,,dt,dt,dt
NEE,umol.m-2.s-1,.NEE_raw,cpec,Final_Calculated,NEE,NEE,NEE
GEP_filled,umol.m-2.s-1,GEP_filled,cpec,Final_Calculated,,GEP_filled,GEP_filled
R_filled,umol.m-2.s-1,RE_filled,cpec,Final_Calculated,,RE_filled,RE_filled
NEE_filled,umol.m-2.s-1,NEE_filled,cpec,Final_Calculated,,NEE_filled,NEE_filled
FC,umol.m-2.s-1,Fc,cpec,Final_Cleaned,,,
CO2_15m,ppm,CO2_irga,cpec,Final_Cleaned,,,
CO2_9.2m,ppm,CO2_Cnpy,met,Final_Cleaned,,,
SFC,umol.m-2.s-1,.dcdt,cpec,Final_Calculated,,,
LE,W.m-2,LE_L,cpec,Final_Cleaned,LE,LE,LE
H,W.m-2,Hs,cpec,Final_Cleaned,H,H,H
LE_filled,W.m-2,LE_filled,cpec,Final_Calculated,,LE_filled,LE_filled
H_filled,W.m-2,H_filled,cpec,Final_Calculated,,H_filled,H_filled
Ustar,m.s-1,Ustar,cpec,Final_Cleaned,Ustar,Ustar,Ustar
H2O,mmol mol-1,H2O_irga,cpec,Final_Cleaned,,,
Heat Storage,W.m-2,.Jt,cpec,Final_Calculated,Jt,,Jt
G,W.m-2,.SHF,met,Calculated4,SHF,,SHF
APAR,umol.m-2.s-1,,,,,,
FPAR,%,,,,,,
ZL,NaN,,,,,,
Rn,W.m-2,NetRad_AbvCnpy,met,Final_Cleaned,Rn,Rn,Rn
PARdown_15m,umol.m-2.s-1,DownPAR_AbvCnpy,met,Final_Cleaned,,,
PARreflected_15m,umol.m-2.s-2,UpPAR_AbvCnpy,met,Final_Cleaned,,,
PARdown_9.2m,umol.m-2.s-2,DownPAR_AbvCnpy2,met,Final_Cleaned,,,
Tair_15m,C,AirTemp_AbvCnpy,met,Final_Cleaned,,,
RH_15m,%,RelHum_AbvCnpy,met,Final_Cleaned,,,
WS,m.s-1,WindSpd,met,Final_Cleaned,,,
W_DIR,degree,WindDir,met,Final_Cleaned,W_Dir,W_Dir,W_Dir
APR,kPa,Pressure,met,Final_Cleaned,,APR,APR
PPT,mm,,met,Final_Cleaned,PPT,PPT,PPT
Ts2cmA,C,SoilTemp_A_2cm,met,Final_Cleaned,,Ts2cmA,Ts2cmA
Ts5cmA,C,SoilTemp_A_5cm,met,Final_Cleaned,,Ts5cmA,Ts5cmA
Ts10cmA,C,SoilTemp_A_10cm,met,Final_Cleaned,,Ts10cmA,Ts10cmA
Ts20cmA,C,SoilTemp_A_20cm,met,Final_Cleaned,,Ts20cmA,Ts20cmA
Ts50cmA,C,SoilTemp_A_50cm,met,Final_Cleaned,,Ts50cmA,Ts50cmA
Ts100cmA,C,SoilTemp_A_100cm,met,Final_Cleaned,,Ts100cmA,Ts100cmA
Ts2cmB,C,SoilTemp_B_2cm,met,Final_Cleaned,,Ts2cmB,Ts2cmB
Ts5cmB,C,SoilTemp_B_5cm,met,Final_Cleaned,,Ts5cmB,Ts5cmB
Ts10cmB,C,SoilTemp_B_10cm,met,Final_Cleaned,,Ts10cmB,Ts10cmB
Ts20cmB,C,SoilTemp_B_20cm,met,Final_Cleaned,,Ts20cmB,Ts20cmB
Ts50cmB,C,SoilTemp_B_50cm,met,Final_Cleaned,,Ts50cmB,Ts50cmB
Ts100cmB,C,SoilTemp_B_100cm,met,Final_Cleaned,,Ts100cmB,Ts100cmB
SM5cmA,% volume,SM_A_5cm,met,Final_Cleaned,,SM5cmA,SM5cmA
SM10cmA,% volume,SM_A_10cm,met,Final_Cleaned,,SM10cmA,SM10cmA
SM20cmA,% volume,SM_A_20cm,met,Final_Cleaned,,SM20cmA,SM20cmA
SM50cmA,% volume,SM_A_50cm,met,Final_Cleaned,,SM50cmA,SM50cmA
SM100cmA,% volume,,met,Final_Cleaned,,SM100cmA,SM100cmA
SM5cmB,% volume,SM_B_5cm,met,Final_Cleaned,,SM5cmB,SM5cmB
SM10cmB,% volume,SM_B_10cm,met,Final_Cleaned,,SM10cmB,SM10cmB
SM20cmB,% volume,SM_B_20cm,met,Final_Cleaned,,SM20cmB,SM20cmB
SM50cmB,% volume,SM_B_50cm,met,Final_Cleaned,,SM50cmB,SM50cmB
SM100cmB,% volume,SM_B_80-100cm,met,Final_Cleaned,,SM100cmB,SM100cmB
G_Plate1,W.m-2,SoilHeatFlux_1,met,Final_Cleaned,,,
G_Plate2,W.m-2,SoilHeatFlux_2,met,Final_Cleaned,,,
TreeTemp_Tree1_maxBN,C,TreeTemp_Tree1_maxBN,met,Final_Cleaned,,,
TreeTemp_Tree2_maxBC,C,TreeTemp_Tree2_maxBC,met,Final_Cleaned,,,
TreeTemp_Tree3_maxBS,C,TreeTemp_Tree3_maxBS,met,Final_Cleaned,,,
TreeTemp_Tree4_medBN,C,TreeTemp_Tree4_medBN,met,Final_Cleaned,,,
TreeTemp_Tree5_medBQN,C,TreeTemp_Tree5_medBQN,met,Final_Cleaned,,,
TreeTemp_Tree6_medBC,C,TreeTemp_Tree6_medBC,met,Final_Cleaned,,,
TreeTemp_Tree7_medBQS,C,TreeTemp_Tree7_medBQS,met,Final_Cleaned,,,
TreeTemp_Tree8_medBS,C,TreeTemp_Tree8_medBS,met,Final_Cleaned,,,
TreeTemp_Tree9_minBN,C,TreeTemp_Tree9_minBN,met,Final_Cleaned,,,
TreeTemp_Tree10_minBC,C,TreeTemp_Tree10_minBC,met,Final_Cleaned,,,
TreeTemp_Tree11_minBS,C,TreeTemp_Tree11_minBS,met,Final_Cleaned,,,
Tair_filled,C,AirTemp_AbvCnpy,met,Final_Filled,Ta,Ta,Ta
RH_filled,%,RelHum_AbvCnpy,met,Final_Filled,RH,RH,RH
PARdown_filled,umol.m-2.s-1,DownPAR_AbvCnpy,met,Final_Filled,PAR,PAR,PAR
WS_filled,m.s-1,WindSpd,met,Final_Filled,WS,WS,WS
APR_filled,kPa,Pressure,met,Final_Filled,APR,APR,APR
Ts_2cm_avg,C,SoilTemp_2cm,met,Final_Filled,Ts2,Ts2,Ts2
Ts_5cm_avg,C,SoilTemp_5cm,met,Final_Filled,Ts5,Ts5,Ts5
Ts_10cm_avg,C,SoilTemp_10cm,met,Final_Filled,Ts10,Ts10,Ts10
Ts_20cm_avg,C,SoilTemp_20cm,met,Final_Filled,Ts20,Ts20,Ts20
Ts_50cm_avg,C,SoilTemp_50cm,met,Final_Filled,Ts50,Ts50,Ts50
Ts_100cm_avg,C,SoilTemp_100cm,met,Final_Filled,Ts100,Ts100,Ts100
SM_A_avg,% volume,SM_A_30_avg,met,Final_Filled,SM_a,SM_a,SM_a
SM_B_avg,% volume,SM_B_30_avg,met,Final_Filled,SM_b,SM_b,SM_b
GEONOR_PPT,mm,.GEO_PPT,ppt,Final_Filled,GEO_PPT,GEO_PPT,GEO_PPT
NEE_OPEC,,.NEE_raw,opec,,NEE_OPEC,,
GEP_filled_OPEC,,,opec,,,,
R_filled_OPEC,,,opec,,,,
NEE_filled_OPEC,,,opec,,,,
FC_OPEC,,Fc,opec,,,,
CO2_OPEC,,CO2_irga,opec,,,,
SFC_OPEC,,.dcdt,opec,,,,
LE_OPEC,,,opec,,LE_OPEC,,
H_OPEC,,,opec,,H_OPEC,,
LE_filled_OPEC,,,opec,,,,
H_filled_OPEC,,,opec,,,,
Ustar_OPEC,,Ustar,opec,,Ustar_OPEC,,
H2O_OPEC,,H2O_irga,opec,,,,
GEP_filled_PI_pref,umol.m-2.s-1,GEP_filled_PI_pref,cpec,Final_Calculated,,GEP_filled_PI_pref,GEP_filled_PI_pref
R_filled_PI_pref,umol.m-2.s-1,RE_filled_PI_pref,cpec,Final_Calculated,,RE_filled_PI_pref,RE_filled_PI_pref
NEE_filled_PI_pref,umol.m-2.s-1,NEE_filled_PI_pref,cpec,Final_Calculated,,NEE_filled_PI_pref,NEE_filled_PI_pref
Schuepp_60flag,NaN,Schuepp60,footprint,Final_Calculated,Schuepp_60flag,Schuepp_60flag,Schuepp_60flag
Schuepp_70flag,NaN,Schuepp70,footprint,Final_Calculated,Schuepp_70flag,Schuepp_70flag,Schuepp_70flag
Schuepp_80flag,NaN,Schuepp80,footprint,Final_Calculated,Schuepp_80flag,Schuepp_80flag,Schuepp_80flag
Schuepp_90flag,NaN,Schuepp90,footprint,Final_Calculated,Schuepp_90flag,Schuepp_90flag,Schuepp_90flag
Hsieh_60flag,NaN,Hsieh60,footprint,Final_Calculated,Hsieh_60flag,Hsieh_60flag,Hsieh_60flag
Hsieh_70flag,NaN,Hsieh70,footprint,Final_Calculated,Hsieh_70flag,Hsieh_70flag,Hsieh_70flag
Hsieh_80flag,NaN,Hsieh80,footprint,Final_Calculated,Hsieh_80flag,Hsieh_80flag,Hsieh_80flag
Hsieh_90flag,NaN,Hsieh90,footprint,Final_Calculated,Hsieh_90flag,Hsieh_90flag,Hsieh_90flag
